year,month,hour,weekday,crashes,fatal,serious
2023,1,0,1,53,1,8
2023,1,0,2,13,0,1
2023,1,0,3,13,0,3
2023,1,0,4,11,0,1
2023,1,0,5,17,0,4
2023,1,0,6,18,0,4
2023,1,0,7,33,0,4
2023,1,1,1,53,0,8
2023,1,1,2,7,0,2
2023,1,1,3,12,0,1
2023,1,1,4,10,1,3
2023,1,1,5,14,0,3
2023,1,1,6,11,0,1
2023,1,1,7,33,0,6
2023,1,2,1,44,0,11
2023,1,2,2,8,0,0
2023,1,2,3,8,0,2
2023,1,2,4,7,0,1
2023,1,2,5,7,0,3
2023,1,2,6,10,1,1
2023,1,2,7,33,0,5
2023,1,3,1,40,1,8
2023,1,3,2,13,0,0
2023,1,3,3,10,1,2
2023,1,3,4,3,0,2
2023,1,3,5,3,0,1
2023,1,3,6,3,1,0
2023,1,3,7,27,0,8
2023,1,4,1,44,0,9
2023,1,4,2,13,0,3
2023,1,4,3,12,0,2
2023,1,4,4,9,1,1
2023,1,4,5,17,1,4
2023,1,4,6,7,0,1
2023,1,4,7,22,0,3
2023,1,5,1,48,0,8
2023,1,5,2,70,0,12
2023,1,5,3,60,1,14
2023,1,5,4,48,0,6
2023,1,5,5,81,1,17
2023,1,5,6,44,0,6
2023,1,5,7,28,1,3
2023,1,6,1,36,1,8
2023,1,6,2,137,0,21
2023,1,6,3,149,1,28
2023,1,6,4,140,2,23
2023,1,6,5,157,1,28
2023,1,6,6,99,2,8
2023,1,6,7,31,0,7
2023,1,7,1,26,1,6
2023,1,7,2,350,5,50
2023,1,7,3,395,2,48
2023,1,7,4,353,1,49
2023,1,7,5,361,4,49
2023,1,7,6,238,1,31
2023,1,7,7,19,0,6
2023,1,8,1,30,0,3
2023,1,8,2,150,0,19
2023,1,8,3,197,1,30
2023,1,8,4,196,0,19
2023,1,8,5,195,2,21
2023,1,8,6,107,0,17
2023,1,8,7,32,0,11
2023,1,9,1,33,0,7
2023,1,9,2,140,2,19
2023,1,9,3,140,1,19
2023,1,9,4,115,4,21
2023,1,9,5,137,2,22
2023,1,9,6,107,2,11
2023,1,9,7,69,1,14
2023,1,10,1,42,0,13
2023,1,10,2,158,5,27
2023,1,10,3,147,2,28
2023,1,10,4,87,3,16
2023,1,10,5,124,1,15
2023,1,10,6,91,2,18
2023,1,10,7,77,0,19
2023,1,11,1,55,0,13
2023,1,11,2,156,2,21
2023,1,11,3,148,1,28
2023,1,11,4,109,0,21
2023,1,11,5,119,1,11
2023,1,11,6,138,2,25
2023,1,11,7,114,1,16
2023,1,12,1,70,1,16
2023,1,12,2,167,1,18
2023,1,12,3,186,1,27
2023,1,12,4,125,1,24
2023,1,12,5,124,1,19
2023,1,12,6,187,2,20
2023,1,12,7,106,1,6
2023,1,13,1,80,1,13
2023,1,13,2,190,1,24
2023,1,13,3,165,0,32
2023,1,13,4,144,2,22
2023,1,13,5,148,0,17
2023,1,13,6,242,4,25
2023,1,13,7,122,2,18
2023,1,14,1,91,0,14
2023,1,14,2,182,0,31
2023,1,14,3,185,2,37
2023,1,14,4,157,1,22
2023,1,14,5,162,0,20
2023,1,14,6,203,1,26
2023,1,14,7,117,1,16
2023,1,15,1,103,0,27
2023,1,15,2,211,2,35
2023,1,15,3,209,1,23
2023,1,15,4,173,0,24
2023,1,15,5,183,0,22
2023,1,15,6,194,2,31
2023,1,15,7,108,0,21
2023,1,16,1,68,1,14
2023,1,16,2,238,3,29
2023,1,16,3,224,3,40
2023,1,16,4,178,1,16
2023,1,16,5,197,2,24
2023,1,16,6,128,0,22
2023,1,16,7,127,1,29
2023,1,17,1,90,1,17
2023,1,17,2,302,4,46
2023,1,17,3,292,0,36
2023,1,17,4,228,3,33
2023,1,17,5,242,1,37
2023,1,17,6,200,2,29
2023,1,17,7,137,2,18
2023,1,18,1,101,2,14
2023,1,18,2,191,0,31
2023,1,18,3,228,5,26
2023,1,18,4,152,3,18
2023,1,18,5,172,3,20
2023,1,18,6,159,1,38
2023,1,18,7,127,1,24
2023,1,19,1,65,1,11
2023,1,19,2,122,1,24
2023,1,19,3,110,0,16
2023,1,19,4,88,1,11
2023,1,19,5,108,1,15
2023,1,19,6,115,3,15
2023,1,19,7,97,2,14
2023,1,20,1,45,0,10
2023,1,20,2,76,0,12
2023,1,20,3,70,0,12
2023,1,20,4,48,0,7
2023,1,20,5,71,1,13
2023,1,20,6,63,0,15
2023,1,20,7,78,1,11
2023,1,21,1,43,0,10
2023,1,21,2,60,2,12
2023,1,21,3,51,0,13
2023,1,21,4,42,1,7
2023,1,21,5,63,0,13
2023,1,21,6,61,0,10
2023,1,21,7,73,0,15
2023,1,22,1,35,0,6
2023,1,22,2,32,0,7
2023,1,22,3,33,1,5
2023,1,22,4,37,0,10
2023,1,22,5,42,2,11
2023,1,22,6,52,0,6
2023,1,22,7,56,0,10
2023,1,23,1,24,0,8
2023,1,23,2,17,0,2
2023,1,23,3,32,0,6
2023,1,23,4,26,0,8
2023,1,23,5,35,0,10
2023,1,23,6,34,0,7
2023,1,23,7,36,1,7
2023,2,0,1,36,0,6
2023,2,0,2,13,1,1
2023,2,0,3,9,1,1
2023,2,0,4,8,0,1
2023,2,0,5,21,0,5
2023,2,0,6,23,0,7
2023,2,0,7,31,1,8
2023,2,1,1,35,0,7
2023,2,1,2,5,0,1
2023,2,1,3,6,0,0
2023,2,1,4,7,0,1
2023,2,1,5,7,2,0
2023,2,1,6,14,0,3
2023,2,1,7,36,1,11
2023,2,2,1,27,0,9
2023,2,2,2,8,1,3
2023,2,2,3,5,0,1
2023,2,2,4,5,0,2
2023,2,2,5,6,0,0
2023,2,2,6,9,0,2
2023,2,2,7,28,2,4
2023,2,3,1,26,1,7
2023,2,3,2,7,0,2
2023,2,3,3,7,0,3
2023,2,3,4,5,0,1
2023,2,3,5,8,0,2
2023,2,3,6,8,0,3
2023,2,3,7,20,0,7
2023,2,4,1,32,0,6
2023,2,4,2,15,0,3
2023,2,4,3,16,0,4
2023,2,4,4,12,0,0
2023,2,4,5,10,0,1
2023,2,4,6,13,0,2
2023,2,4,7,21,0,3
2023,2,5,1,33,1,8
2023,2,5,2,59,0,8
2023,2,5,3,47,0,9
2023,2,5,4,42,0,6
2023,2,5,5,53,2,9
2023,2,5,6,46,0,9
2023,2,5,7,36,0,8
2023,2,6,1,13,0,4
2023,2,6,2,108,0,21
2023,2,6,3,112,1,12
2023,2,6,4,113,1,12
2023,2,6,5,126,0,24
2023,2,6,6,107,0,20
2023,2,6,7,35,0,5
2023,2,7,1,24,1,6
2023,2,7,2,238,0,31
2023,2,7,3,246,0,30
2023,2,7,4,226,0,25
2023,2,7,5,259,1,28
2023,2,7,6,155,1,18
2023,2,7,7,28,1,7
2023,2,8,1,22,1,8
2023,2,8,2,151,1,17
2023,2,8,3,175,2,22
2023,2,8,4,166,0,24
2023,2,8,5,168,0,29
2023,2,8,6,118,1,16
2023,2,8,7,46,1,8
2023,2,9,1,31,1,5
2023,2,9,2,124,3,14
2023,2,9,3,160,1,15
2023,2,9,4,126,1,31
2023,2,9,5,131,0,20
2023,2,9,6,107,3,16
2023,2,9,7,77,1,10
2023,2,10,1,48,1,8
2023,2,10,2,110,0,13
2023,2,10,3,144,0,18
2023,2,10,4,122,1,22
2023,2,10,5,123,0,16
2023,2,10,6,111,2,18
2023,2,10,7,106,2,17
2023,2,11,1,48,0,9
2023,2,11,2,130,4,24
2023,2,11,3,153,3,24
2023,2,11,4,122,1,21
2023,2,11,5,151,3,18
2023,2,11,6,153,2,16
2023,2,11,7,118,0,10
2023,2,12,1,67,1,10
2023,2,12,2,135,0,25
2023,2,12,3,152,1,19
2023,2,12,4,153,3,18
2023,2,12,5,131,1,16
2023,2,12,6,200,2,25
2023,2,12,7,133,0,18
2023,2,13,1,87,2,15
2023,2,13,2,159,4,18
2023,2,13,3,183,2,17
2023,2,13,4,178,2,24
2023,2,13,5,180,2,25
2023,2,13,6,204,0,27
2023,2,13,7,133,3,16
2023,2,14,1,84,2,11
2023,2,14,2,177,3,25
2023,2,14,3,233,2,35
2023,2,14,4,191,1,30
2023,2,14,5,180,1,25
2023,2,14,6,190,1,26
2023,2,14,7,140,0,18
2023,2,15,1,94,1,19
2023,2,15,2,226,0,37
2023,2,15,3,241,4,36
2023,2,15,4,226,1,29
2023,2,15,5,204,2,23
2023,2,15,6,191,1,29
2023,2,15,7,103,1,13
2023,2,16,1,101,0,21
2023,2,16,2,185,2,27
2023,2,16,3,276,2,31
2023,2,16,4,195,0,34
2023,2,16,5,192,0,29
2023,2,16,6,148,2,17
2023,2,16,7,111,2,21
2023,2,17,1,86,2,20
2023,2,17,2,169,1,23
2023,2,17,3,177,0,25
2023,2,17,4,159,1,21
2023,2,17,5,190,1,23
2023,2,17,6,144,3,17
2023,2,17,7,106,1,22
2023,2,18,1,94,2,12
2023,2,18,2,133,2,21
2023,2,18,3,173,4,28
2023,2,18,4,163,0,24
2023,2,18,5,159,0,19
2023,2,18,6,166,1,20
2023,2,18,7,126,2,10
2023,2,19,1,63,0,11
2023,2,19,2,80,1,12
2023,2,19,3,114,0,17
2023,2,19,4,112,1,14
2023,2,19,5,108,1,22
2023,2,19,6,121,2,20
2023,2,19,7,88,1,18
2023,2,20,1,63,1,9
2023,2,20,2,57,0,7
2023,2,20,3,55,0,12
2023,2,20,4,58,1,7
2023,2,20,5,57,0,6
2023,2,20,6,81,0,10
2023,2,20,7,70,0,10
2023,2,21,1,33,0,4
2023,2,21,2,41,0,2
2023,2,21,3,44,0,7
2023,2,21,4,49,0,11
2023,2,21,5,55,2,7
2023,2,21,6,55,2,13
2023,2,21,7,62,0,4
2023,2,22,1,38,0,7
2023,2,22,2,21,1,2
2023,2,22,3,31,0,7
2023,2,22,4,35,1,4
2023,2,22,5,46,0,12
2023,2,22,6,51,0,6
2023,2,22,7,48,1,15
2023,2,23,1,14,1,3
2023,2,23,2,21,0,6
2023,2,23,3,20,0,2
2023,2,23,4,14,1,3
2023,2,23,5,31,1,5
2023,2,23,6,56,2,14
2023,2,23,7,40,1,7
2023,3,0,1,34,1,8
2023,3,0,2,8,1,1
2023,3,0,3,8,0,2
2023,3,0,4,22,0,4
2023,3,0,5,20,0,3
2023,3,0,6,23,0,7
2023,3,0,7,46,2,6
2023,3,1,1,34,1,5
2023,3,1,2,9,0,3
2023,3,1,3,10,0,4
2023,3,1,4,15,1,5
2023,3,1,5,7,0,2
2023,3,1,6,9,1,0
2023,3,1,7,33,2,5
2023,3,2,1,27,0,5
2023,3,2,2,5,0,1
2023,3,2,3,8,0,2
2023,3,2,4,10,1,3
2023,3,2,5,11,0,1
2023,3,2,6,9,0,3
2023,3,2,7,25,1,7
2023,3,3,1,47,1,10
2023,3,3,2,2,0,0
2023,3,3,3,8,0,1
2023,3,3,4,9,0,0
2023,3,3,5,13,0,3
2023,3,3,6,10,0,2
2023,3,3,7,23,0,8
2023,3,4,1,26,1,8
2023,3,4,2,9,0,3
2023,3,4,3,17,0,5
2023,3,4,4,28,0,6
2023,3,4,5,14,1,1
2023,3,4,6,13,0,2
2023,3,4,7,12,0,2
2023,3,5,1,44,1,10
2023,3,5,2,64,1,6
2023,3,5,3,56,0,7
2023,3,5,4,79,0,10
2023,3,5,5,79,1,12
2023,3,5,6,61,0,9
2023,3,5,7,23,0,3
2023,3,6,1,20,1,5
2023,3,6,2,100,0,20
2023,3,6,3,107,1,13
2023,3,6,4,137,1,15
2023,3,6,5,131,1,17
2023,3,6,6,122,1,14
2023,3,6,7,33,1,8
2023,3,7,1,33,2,8
2023,3,7,2,208,0,24
2023,3,7,3,258,1,38
2023,3,7,4,375,1,40
2023,3,7,5,256,0,24
2023,3,7,6,207,0,24
2023,3,7,7,24,0,3
2023,3,8,1,22,1,3
2023,3,8,2,141,2,23
2023,3,8,3,200,2,26
2023,3,8,4,230,0,23
2023,3,8,5,200,2,22
2023,3,8,6,150,1,18
2023,3,8,7,51,0,10
2023,3,9,1,26,1,4
2023,3,9,2,112,4,12
2023,3,9,3,109,1,18
2023,3,9,4,147,2,20
2023,3,9,5,143,2,16
2023,3,9,6,139,3,34
2023,3,9,7,99,0,18
2023,3,10,1,30,2,5
2023,3,10,2,109,0,16
2023,3,10,3,129,1,20
2023,3,10,4,157,1,31
2023,3,10,5,134,2,17
2023,3,10,6,176,3,29
2023,3,10,7,105,1,16
2023,3,11,1,59,0,15
2023,3,11,2,141,2,27
2023,3,11,3,136,2,17
2023,3,11,4,175,1,22
2023,3,11,5,159,3,28
2023,3,11,6,211,1,40
2023,3,11,7,137,0,18
2023,3,12,1,73,2,14
2023,3,12,2,138,1,27
2023,3,12,3,151,0,27
2023,3,12,4,184,0,26
2023,3,12,5,184,1,20
2023,3,12,6,232,0,29
2023,3,12,7,156,2,30
2023,3,13,1,100,3,15
2023,3,13,2,190,1,23
2023,3,13,3,193,1,26
2023,3,13,4,234,1,35
2023,3,13,5,275,2,47
2023,3,13,6,357,0,53
2023,3,13,7,164,4,23
2023,3,14,1,105,2,16
2023,3,14,2,187,1,23
2023,3,14,3,199,0,15
2023,3,14,4,254,3,41
2023,3,14,5,268,4,32
2023,3,14,6,345,2,34
2023,3,14,7,192,4,46
2023,3,15,1,107,1,18
2023,3,15,2,245,4,28
2023,3,15,3,232,0,36
2023,3,15,4,280,1,28
2023,3,15,5,332,3,44
2023,3,15,6,287,1,37
2023,3,15,7,162,2,31
2023,3,16,1,72,1,13
2023,3,16,2,253,1,33
2023,3,16,3,236,1,31
2023,3,16,4,291,2,37
2023,3,16,5,312,1,35
2023,3,16,6,244,5,31
2023,3,16,7,147,0,22
2023,3,17,1,112,0,20
2023,3,17,2,215,2,33
2023,3,17,3,209,0,34
2023,3,17,4,234,0,40
2023,3,17,5,281,3,44
2023,3,17,6,210,1,35
2023,3,17,7,135,0,28
2023,3,18,1,75,0,13
2023,3,18,2,137,2,24
2023,3,18,3,119,0,22
2023,3,18,4,171,1,27
2023,3,18,5,168,2,25
2023,3,18,6,193,2,30
2023,3,18,7,106,1,19
2023,3,19,1,76,0,11
2023,3,19,2,97,0,18
2023,3,19,3,97,1,17
2023,3,19,4,118,1,23
2023,3,19,5,119,2,20
2023,3,19,6,168,1,15
2023,3,19,7,95,2,19
2023,3,20,1,44,1,10
2023,3,20,2,60,0,16
2023,3,20,3,69,0,13
2023,3,20,4,80,1,13
2023,3,20,5,82,2,15
2023,3,20,6,107,0,18
2023,3,20,7,60,1,10
2023,3,21,1,39,0,6
2023,3,21,2,59,0,16
2023,3,21,3,51,1,8
2023,3,21,4,56,0,10
2023,3,21,5,64,1,10
2023,3,21,6,85,1,15
2023,3,21,7,56,0,14
2023,3,22,1,33,1,4
2023,3,22,2,34,0,3
2023,3,22,3,29,0,2
2023,3,22,4,43,0,6
2023,3,22,5,47,0,10
2023,3,22,6,86,3,17
2023,3,22,7,61,0,10
2023,3,23,1,25,1,3
2023,3,23,2,31,1,5
2023,3,23,3,30,2,4
2023,3,23,4,25,0,6
2023,3,23,5,28,2,7
2023,3,23,6,61,1,11
2023,3,23,7,50,0,6
2023,4,0,1,56,1,12
2023,4,0,2,20,0,5
2023,4,0,3,18,0,6
2023,4,0,4,16,0,4
2023,4,0,5,16,0,0
2023,4,0,6,35,0,8
2023,4,0,7,44,0,13
2023,4,1,1,55,0,18
2023,4,1,2,12,0,1
2023,4,1,3,11,0,3
2023,4,1,4,9,0,3
2023,4,1,5,10,0,1
2023,4,1,6,22,2,7
2023,4,1,7,51,0,8
2023,4,2,1,41,0,7
2023,4,2,2,8,1,0
2023,4,2,3,12,0,2
2023,4,2,4,9,0,1
2023,4,2,5,7,0,2
2023,4,2,6,9,1,2
2023,4,2,7,36,0,6
2023,4,3,1,40,2,8
2023,4,3,2,9,0,1
2023,4,3,3,4,0,2
2023,4,3,4,5,0,2
2023,4,3,5,13,1,5
2023,4,3,6,19,1,1
2023,4,3,7,29,0,6
2023,4,4,1,33,3,9
2023,4,4,2,13,0,3
2023,4,4,3,7,0,2
2023,4,4,4,7,0,1
2023,4,4,5,15,0,3
2023,4,4,6,10,0,1
2023,4,4,7,31,1,6
2023,4,5,1,45,2,5
2023,4,5,2,44,0,13
2023,4,5,3,44,0,4
2023,4,5,4,41,0,5
2023,4,5,5,43,1,8
2023,4,5,6,43,0,7
2023,4,5,7,21,0,6
2023,4,6,1,34,1,4
2023,4,6,2,67,0,10
2023,4,6,3,89,3,12
2023,4,6,4,68,0,11
2023,4,6,5,67,0,10
2023,4,6,6,57,1,11
2023,4,6,7,19,0,2
2023,4,7,1,28,1,9
2023,4,7,2,159,1,20
2023,4,7,3,160,2,18
2023,4,7,4,179,0,22
2023,4,7,5,155,0,17
2023,4,7,6,138,0,19
2023,4,7,7,31,0,5
2023,4,8,1,32,0,10
2023,4,8,2,125,0,14
2023,4,8,3,141,1,17
2023,4,8,4,158,1,22
2023,4,8,5,157,1,16
2023,4,8,6,106,0,13
2023,4,8,7,59,0,17
2023,4,9,1,42,0,3
2023,4,9,2,125,1,19
2023,4,9,3,103,0,19
2023,4,9,4,127,4,16
2023,4,9,5,142,3,21
2023,4,9,6,100,2,19
2023,4,9,7,121,1,11
2023,4,10,1,86,0,18
2023,4,10,2,119,0,23
2023,4,10,3,133,1,22
2023,4,10,4,129,1,22
2023,4,10,5,128,3,22
2023,4,10,6,149,2,22
2023,4,10,7,128,0,22
2023,4,11,1,106,1,26
2023,4,11,2,113,1,21
2023,4,11,3,148,5,24
2023,4,11,4,163,0,23
2023,4,11,5,129,2,16
2023,4,11,6,161,1,34
2023,4,11,7,200,2,32
2023,4,12,1,147,2,33
2023,4,12,2,157,0,27
2023,4,12,3,150,1,22
2023,4,12,4,141,1,24
2023,4,12,5,172,2,29
2023,4,12,6,207,4,30
2023,4,12,7,211,1,28
2023,4,13,1,172,4,30
2023,4,13,2,208,3,36
2023,4,13,3,177,3,20
2023,4,13,4,204,4,29
2023,4,13,5,203,3,25
2023,4,13,6,223,2,35
2023,4,13,7,245,3,51
2023,4,14,1,167,2,47
2023,4,14,2,227,3,52
2023,4,14,3,213,1,24
2023,4,14,4,183,1,31
2023,4,14,5,238,2,40
2023,4,14,6,261,1,36
2023,4,14,7,219,1,46
2023,4,15,1,211,2,44
2023,4,15,2,244,4,41
2023,4,15,3,229,5,25
2023,4,15,4,249,3,42
2023,4,15,5,295,3,52
2023,4,15,6,259,0,45
2023,4,15,7,222,2,46
2023,4,16,1,181,2,39
2023,4,16,2,246,3,38
2023,4,16,3,277,3,31
2023,4,16,4,306,0,38
2023,4,16,5,304,4,39
2023,4,16,6,213,1,30
2023,4,16,7,238,7,45
2023,4,17,1,196,1,40
2023,4,17,2,230,1,41
2023,4,17,3,247,1,32
2023,4,17,4,260,0,35
2023,4,17,5,274,3,47
2023,4,17,6,232,1,45
2023,4,17,7,204,6,35
2023,4,18,1,148,4,24
2023,4,18,2,156,3,24
2023,4,18,3,153,2,32
2023,4,18,4,179,1,36
2023,4,18,5,187,1,30
2023,4,18,6,173,1,33
2023,4,18,7,165,3,31
2023,4,19,1,105,1,25
2023,4,19,2,91,1,17
2023,4,19,3,98,1,12
2023,4,19,4,106,0,18
2023,4,19,5,100,1,25
2023,4,19,6,128,0,28
2023,4,19,7,114,0,19
2023,4,20,1,81,2,14
2023,4,20,2,59,0,7
2023,4,20,3,60,0,12
2023,4,20,4,53,0,11
2023,4,20,5,71,1,9
2023,4,20,6,74,1,13
2023,4,20,7,119,2,25
2023,4,21,1,56,1,12
2023,4,21,2,52,1,7
2023,4,21,3,45,1,8
2023,4,21,4,58,0,16
2023,4,21,5,70,0,12
2023,4,21,6,77,1,13
2023,4,21,7,89,0,30
2023,4,22,1,55,1,14
2023,4,22,2,46,0,9
2023,4,22,3,42,0,9
2023,4,22,4,45,1,9
2023,4,22,5,58,1,9
2023,4,22,6,75,2,18
2023,4,22,7,86,1,20
2023,4,23,1,38,1,7
2023,4,23,2,18,0,3
2023,4,23,3,26,0,5
2023,4,23,4,31,0,7
2023,4,23,5,36,2,6
2023,4,23,6,50,2,11
2023,4,23,7,76,1,16
2023,5,0,1,73,1,21
2023,5,0,2,46,3,11
2023,5,0,3,17,0,3
2023,5,0,4,20,0,3
2023,5,0,5,24,0,7
2023,5,0,6,29,1,3
2023,5,0,7,47,0,9
2023,5,1,1,48,0,11
2023,5,1,2,29,0,6
2023,5,1,3,12,0,1
2023,5,1,4,12,0,4
2023,5,1,5,10,1,2
2023,5,1,6,17,0,9
2023,5,1,7,40,1,5
2023,5,2,1,38,0,14
2023,5,2,2,23,1,6
2023,5,2,3,9,0,2
2023,5,2,4,6,0,0
2023,5,2,5,10,0,4
2023,5,2,6,11,0,0
2023,5,2,7,27,1,6
2023,5,3,1,35,1,8
2023,5,3,2,20,1,4
2023,5,3,3,7,1,2
2023,5,3,4,8,0,2
2023,5,3,5,12,0,2
2023,5,3,6,7,0,0
2023,5,3,7,34,1,8
2023,5,4,1,25,0,5
2023,5,4,2,14,0,3
2023,5,4,3,17,0,2
2023,5,4,4,28,0,6
2023,5,4,5,14,0,3
2023,5,4,6,13,0,5
2023,5,4,7,25,0,6
2023,5,5,1,41,0,7
2023,5,5,2,41,0,6
2023,5,5,3,47,2,11
2023,5,5,4,53,0,13
2023,5,5,5,42,1,12
2023,5,5,6,28,0,6
2023,5,5,7,29,1,7
2023,5,6,1,20,0,3
2023,5,6,2,101,1,11
2023,5,6,3,101,2,24
2023,5,6,4,126,0,12
2023,5,6,5,73,1,13
2023,5,6,6,77,0,10
2023,5,6,7,19,0,3
2023,5,7,1,18,0,6
2023,5,7,2,223,1,25
2023,5,7,3,316,2,39
2023,5,7,4,341,1,41
2023,5,7,5,206,2,24
2023,5,7,6,207,2,26
2023,5,7,7,35,0,6
2023,5,8,1,24,0,6
2023,5,8,2,151,2,20
2023,5,8,3,235,2,32
2023,5,8,4,257,0,26
2023,5,8,5,177,0,20
2023,5,8,6,144,2,20
2023,5,8,7,54,1,13
2023,5,9,1,59,1,18
2023,5,9,2,185,1,25
2023,5,9,3,222,2,33
2023,5,9,4,212,1,27
2023,5,9,5,142,3,18
2023,5,9,6,165,0,28
2023,5,9,7,110,1,12
2023,5,10,1,112,1,38
2023,5,10,2,173,3,27
2023,5,10,3,185,2,26
2023,5,10,4,238,4,41
2023,5,10,5,184,0,32
2023,5,10,6,206,6,40
2023,5,10,7,184,0,35
2023,5,11,1,173,2,44
2023,5,11,2,225,3,37
2023,5,11,3,201,1,31
2023,5,11,4,232,1,41
2023,5,11,5,207,3,34
2023,5,11,6,228,4,32
2023,5,11,7,213,0,43
2023,5,12,1,222,1,45
2023,5,12,2,273,0,42
2023,5,12,3,253,4,42
2023,5,12,4,250,3,35
2023,5,12,5,201,2,27
2023,5,12,6,245,2,35
2023,5,12,7,234,2,49
2023,5,13,1,237,4,61
2023,5,13,2,355,3,82
2023,5,13,3,303,0,37
2023,5,13,4,320,1,40
2023,5,13,5,262,1,43
2023,5,13,6,348,1,60
2023,5,13,7,259,2,49
2023,5,14,1,286,2,69
2023,5,14,2,355,1,75
2023,5,14,3,334,4,49
2023,5,14,4,335,2,57
2023,5,14,5,324,5,62
2023,5,14,6,338,2,57
2023,5,14,7,255,3,44
2023,5,15,1,252,5,52
2023,5,15,2,378,5,78
2023,5,15,3,402,1,68
2023,5,15,4,424,2,67
2023,5,15,5,355,1,62
2023,5,15,6,355,2,49
2023,5,15,7,270,4,54
2023,5,16,1,254,8,54
2023,5,16,2,435,2,66
2023,5,16,3,459,3,57
2023,5,16,4,467,0,83
2023,5,16,5,406,1,78
2023,5,16,6,314,2,47
2023,5,16,7,226,2,51
2023,5,17,1,226,0,65
2023,5,17,2,398,5,69
2023,5,17,3,387,1,59
2023,5,17,4,441,3,64
2023,5,17,5,364,3,82
2023,5,17,6,289,3,58
2023,5,17,7,209,2,41
2023,5,18,1,180,1,37
2023,5,18,2,276,3,43
2023,5,18,3,298,2,49
2023,5,18,4,315,2,45
2023,5,18,5,301,1,60
2023,5,18,6,247,2,45
2023,5,18,7,195,2,48
2023,5,19,1,145,0,28
2023,5,19,2,172,0,23
2023,5,19,3,176,0,35
2023,5,19,4,198,0,32
2023,5,19,5,217,3,47
2023,5,19,6,142,1,29
2023,5,19,7,139,2,27
2023,5,20,1,87,1,21
2023,5,20,2,113,2,21
2023,5,20,3,115,0,22
2023,5,20,4,133,3,23
2023,5,20,5,122,3,26
2023,5,20,6,111,0,24
2023,5,20,7,133,2,31
2023,5,21,1,67,0,15
2023,5,21,2,81,0,15
2023,5,21,3,98,0,10
2023,5,21,4,81,0,15
2023,5,21,5,82,2,24
2023,5,21,6,98,1,15
2023,5,21,7,90,1,19
2023,5,22,1,64,2,13
2023,5,22,2,67,1,13
2023,5,22,3,68,2,14
2023,5,22,4,65,1,15
2023,5,22,5,76,1,19
2023,5,22,6,76,1,22
2023,5,22,7,87,1,19
2023,5,23,1,28,0,5
2023,5,23,2,43,2,12
2023,5,23,3,29,1,9
2023,5,23,4,49,1,11
2023,5,23,5,50,1,12
2023,5,23,6,52,0,15
2023,5,23,7,66,0,12
2023,6,0,1,77,0,22
2023,6,0,2,18,0,6
2023,6,0,3,23,0,6
2023,6,0,4,22,2,2
2023,6,0,5,53,1,10
2023,6,0,6,43,0,8
2023,6,0,7,69,2,14
2023,6,1,1,70,1,21
2023,6,1,2,9,0,2
2023,6,1,3,18,0,5
2023,6,1,4,16,0,7
2023,6,1,5,37,0,10
2023,6,1,6,35,1,8
2023,6,1,7,67,2,15
2023,6,2,1,54,3,11
2023,6,2,2,8,0,1
2023,6,2,3,10,0,0
2023,6,2,4,15,0,6
2023,6,2,5,17,0,2
2023,6,2,6,21,0,5
2023,6,2,7,46,1,12
2023,6,3,1,51,1,12
2023,6,3,2,10,0,3
2023,6,3,3,7,0,1
2023,6,3,4,8,0,1
2023,6,3,5,17,0,3
2023,6,3,6,18,0,3
2023,6,3,7,34,1,10
2023,6,4,1,43,0,13
2023,6,4,2,8,0,2
2023,6,4,3,17,0,5
2023,6,4,4,10,0,3
2023,6,4,5,19,1,4
2023,6,4,6,16,0,4
2023,6,4,7,25,2,9
2023,6,5,1,28,0,6
2023,6,5,2,49,0,13
2023,6,5,3,45,1,10
2023,6,5,4,44,0,9
2023,6,5,5,48,0,6
2023,6,5,6,49,0,13
2023,6,5,7,27,1,8
2023,6,6,1,33,1,7
2023,6,6,2,124,1,18
2023,6,6,3,117,1,22
2023,6,6,4,126,0,18
2023,6,6,5,123,0,18
2023,6,6,6,109,1,17
2023,6,6,7,38,0,8
2023,6,7,1,25,0,5
2023,6,7,2,288,3,36
2023,6,7,3,329,2,40
2023,6,7,4,299,0,42
2023,6,7,5,296,2,33
2023,6,7,6,278,1,34
2023,6,7,7,33,0,6
2023,6,8,1,44,2,7
2023,6,8,2,246,3,30
2023,6,8,3,250,0,27
2023,6,8,4,199,0,24
2023,6,8,5,259,1,37
2023,6,8,6,210,1,19
2023,6,8,7,77,0,10
2023,6,9,1,108,2,27
2023,6,9,2,179,3,31
2023,6,9,3,199,1,28
2023,6,9,4,157,2,29
2023,6,9,5,197,3,34
2023,6,9,6,242,2,36
2023,6,9,7,151,1,32
2023,6,10,1,173,4,47
2023,6,10,2,190,2,25
2023,6,10,3,216,0,51
2023,6,10,4,218,5,40
2023,6,10,5,238,6,35
2023,6,10,6,257,6,41
2023,6,10,7,214,1,36
2023,6,11,1,207,5,56
2023,6,11,2,231,2,48
2023,6,11,3,226,1,37
2023,6,11,4,221,2,39
2023,6,11,5,265,1,46
2023,6,11,6,302,2,41
2023,6,11,7,261,3,48
2023,6,12,1,233,1,46
2023,6,12,2,255,3,40
2023,6,12,3,239,2,33
2023,6,12,4,241,3,28
2023,6,12,5,306,3,68
2023,6,12,6,389,5,55
2023,6,12,7,267,3,48
2023,6,13,1,245,1,59
2023,6,13,2,280,5,43
2023,6,13,3,283,1,31
2023,6,13,4,288,3,64
2023,6,13,5,362,5,48
2023,6,13,6,421,5,52
2023,6,13,7,254,1,44
2023,6,14,1,273,1,62
2023,6,14,2,330,2,54
2023,6,14,3,309,4,48
2023,6,14,4,293,1,45
2023,6,14,5,405,4,75
2023,6,14,6,456,1,80
2023,6,14,7,291,1,61
2023,6,15,1,285,2,68
2023,6,15,2,393,3,61
2023,6,15,3,379,2,60
2023,6,15,4,327,0,56
2023,6,15,5,482,2,65
2023,6,15,6,491,4,88
2023,6,15,7,281,2,54
2023,6,16,1,240,2,61
2023,6,16,2,406,2,57
2023,6,16,3,414,5,68
2023,6,16,4,420,2,65
2023,6,16,5,448,7,58
2023,6,16,6,429,2,74
2023,6,16,7,279,1,65
2023,6,17,1,245,5,52
2023,6,17,2,394,1,49
2023,6,17,3,362,3,57
2023,6,17,4,414,6,60
2023,6,17,5,447,3,56
2023,6,17,6,387,4,68
2023,6,17,7,245,3,47
2023,6,18,1,255,1,46
2023,6,18,2,261,0,34
2023,6,18,3,295,3,54
2023,6,18,4,283,5,45
2023,6,18,5,366,4,64
2023,6,18,6,325,2,59
2023,6,18,7,265,3,46
2023,6,19,1,190,1,37
2023,6,19,2,200,0,38
2023,6,19,3,219,2,33
2023,6,19,4,216,4,35
2023,6,19,5,222,2,37
2023,6,19,6,213,3,36
2023,6,19,7,189,4,36
2023,6,20,1,162,3,37
2023,6,20,2,115,0,19
2023,6,20,3,121,1,22
2023,6,20,4,116,1,23
2023,6,20,5,168,2,33
2023,6,20,6,182,2,26
2023,6,20,7,146,1,28
2023,6,21,1,81,1,20
2023,6,21,2,95,0,13
2023,6,21,3,91,1,22
2023,6,21,4,81,2,23
2023,6,21,5,110,3,28
2023,6,21,6,111,1,15
2023,6,21,7,104,3,26
2023,6,22,1,66,0,16
2023,6,22,2,64,0,14
2023,6,22,3,69,1,15
2023,6,22,4,78,1,14
2023,6,22,5,103,1,18
2023,6,22,6,117,1,26
2023,6,22,7,107,2,28
2023,6,23,1,31,1,8
2023,6,23,2,39,0,6
2023,6,23,3,48,2,8
2023,6,23,4,69,1,14
2023,6,23,5,65,1,15
2023,6,23,6,125,1,25
2023,6,23,7,96,0,28
2023,7,0,1,131,3,29
2023,7,0,2,33,0,8
2023,7,0,3,30,0,8
2023,7,0,4,23,1,0
2023,7,0,5,23,0,3
2023,7,0,6,35,1,3
2023,7,0,7,86,1,11
2023,7,1,1,92,1,23
2023,7,1,2,16,0,4
2023,7,1,3,13,0,1
2023,7,1,4,17,0,3
2023,7,1,5,15,0,2
2023,7,1,6,18,0,4
2023,7,1,7,56,2,9
2023,7,2,1,76,0,15
2023,7,2,2,20,2,1
2023,7,2,3,19,0,2
2023,7,2,4,13,0,1
2023,7,2,5,11,1,2
2023,7,2,6,18,0,3
2023,7,2,7,53,1,14
2023,7,3,1,57,1,16
2023,7,3,2,9,0,2
2023,7,3,3,6,0,3
2023,7,3,4,15,0,3
2023,7,3,5,6,0,1
2023,7,3,6,11,1,0
2023,7,3,7,45,0,11
2023,7,4,1,42,1,8
2023,7,4,2,21,0,4
2023,7,4,3,13,0,4
2023,7,4,4,18,1,3
2023,7,4,5,12,1,2
2023,7,4,6,18,0,5
2023,7,4,7,27,2,6
2023,7,5,1,45,4,13
2023,7,5,2,57,1,13
2023,7,5,3,37,0,11
2023,7,5,4,37,1,4
2023,7,5,5,45,0,6
2023,7,5,6,50,2,10
2023,7,5,7,35,0,8
2023,7,6,1,43,1,12
2023,7,6,2,111,2,22
2023,7,6,3,101,1,20
2023,7,6,4,100,0,16
2023,7,6,5,90,0,18
2023,7,6,6,74,0,12
2023,7,6,7,43,0,8
2023,7,7,1,43,1,11
2023,7,7,2,201,0,26
2023,7,7,3,205,0,12
2023,7,7,4,225,0,29
2023,7,7,5,209,2,30
2023,7,7,6,190,0,29
2023,7,7,7,68,1,12
2023,7,8,1,50,0,17
2023,7,8,2,232,1,32
2023,7,8,3,223,0,41
2023,7,8,4,179,0,29
2023,7,8,5,159,0,24
2023,7,8,6,157,2,19
2023,7,8,7,110,1,18
2023,7,9,1,86,0,22
2023,7,9,2,200,2,29
2023,7,9,3,174,2,22
2023,7,9,4,174,0,37
2023,7,9,5,164,0,28
2023,7,9,6,172,1,26
2023,7,9,7,179,0,35
2023,7,10,1,131,1,36
2023,7,10,2,225,5,37
2023,7,10,3,198,1,27
2023,7,10,4,159,0,26
2023,7,10,5,184,1,28
2023,7,10,6,230,3,30
2023,7,10,7,233,4,41
2023,7,11,1,199,2,48
2023,7,11,2,254,1,41
2023,7,11,3,194,1,41
2023,7,11,4,191,0,23
2023,7,11,5,203,1,34
2023,7,11,6,237,2,30
2023,7,11,7,288,4,48
2023,7,12,1,211,1,50
2023,7,12,2,259,5,46
2023,7,12,3,231,3,40
2023,7,12,4,214,4,26
2023,7,12,5,259,0,36
2023,7,12,6,289,2,43
2023,7,12,7,278,0,48
2023,7,13,1,231,3,56
2023,7,13,2,270,3,43
2023,7,13,3,246,5,45
2023,7,13,4,227,3,33
2023,7,13,5,285,1,38
2023,7,13,6,346,3,47
2023,7,13,7,291,2,53
2023,7,14,1,250,0,55
2023,7,14,2,342,3,53
2023,7,14,3,275,4,48
2023,7,14,4,266,1,43
2023,7,14,5,293,4,35
2023,7,14,6,334,5,51
2023,7,14,7,289,4,56
2023,7,15,1,249,5,57
2023,7,15,2,370,4,56
2023,7,15,3,294,0,42
2023,7,15,4,287,3,43
2023,7,15,5,360,4,54
2023,7,15,6,357,4,56
2023,7,15,7,272,2,48
2023,7,16,1,258,4,59
2023,7,16,2,411,0,56
2023,7,16,3,341,1,41
2023,7,16,4,349,2,35
2023,7,16,5,378,1,63
2023,7,16,6,326,1,55
2023,7,16,7,256,2,51
2023,7,17,1,233,1,56
2023,7,17,2,356,4,56
2023,7,17,3,372,4,58
2023,7,17,4,317,2,55
2023,7,17,5,378,2,49
2023,7,17,6,294,5,53
2023,7,17,7,276,3,59
2023,7,18,1,236,0,57
2023,7,18,2,299,2,45
2023,7,18,3,245,1,47
2023,7,18,4,221,0,48
2023,7,18,5,282,3,52
2023,7,18,6,266,1,44
2023,7,18,7,218,2,56
2023,7,19,1,168,2,34
2023,7,19,2,194,1,39
2023,7,19,3,190,2,35
2023,7,19,4,169,3,33
2023,7,19,5,192,1,42
2023,7,19,6,213,0,43
2023,7,19,7,194,1,36
2023,7,20,1,128,0,17
2023,7,20,2,136,0,27
2023,7,20,3,100,0,20
2023,7,20,4,115,0,28
2023,7,20,5,102,2,16
2023,7,20,6,152,1,36
2023,7,20,7,150,2,29
2023,7,21,1,117,1,24
2023,7,21,2,105,1,21
2023,7,21,3,80,0,18
2023,7,21,4,76,1,12
2023,7,21,5,84,2,15
2023,7,21,6,96,2,24
2023,7,21,7,119,2,25
2023,7,22,1,67,1,17
2023,7,22,2,76,0,20
2023,7,22,3,91,1,17
2023,7,22,4,59,3,14
2023,7,22,5,84,0,16
2023,7,22,6,90,1,22
2023,7,22,7,143,1,29
2023,7,23,1,42,1,4
2023,7,23,2,65,2,17
2023,7,23,3,45,1,11
2023,7,23,4,45,0,14
2023,7,23,5,67,1,14
2023,7,23,6,95,0,25
2023,7,23,7,111,2,17
2023,8,0,1,73,1,18
2023,8,0,2,18,0,3
2023,8,0,3,30,2,7
2023,8,0,4,22,2,3
2023,8,0,5,37,0,10
2023,8,0,6,34,1,5
2023,8,0,7,72,3,21
2023,8,1,1,60,2,12
2023,8,1,2,19,0,4
2023,8,1,3,20,0,3
2023,8,1,4,25,0,5
2023,8,1,5,19,0,5
2023,8,1,6,16,0,6
2023,8,1,7,48,1,6
2023,8,2,1,43,0,5
2023,8,2,2,13,0,4
2023,8,2,3,17,0,1
2023,8,2,4,17,0,5
2023,8,2,5,11,0,4
2023,8,2,6,18,2,5
2023,8,2,7,32,0,6
2023,8,3,1,41,0,11
2023,8,3,2,12,1,2
2023,8,3,3,9,0,2
2023,8,3,4,8,0,2
2023,8,3,5,9,0,0
2023,8,3,6,10,0,1
2023,8,3,7,26,1,2
2023,8,4,1,31,1,5
2023,8,4,2,13,0,5
2023,8,4,3,12,0,2
2023,8,4,4,11,0,2
2023,8,4,5,15,0,5
2023,8,4,6,11,1,1
2023,8,4,7,22,1,6
2023,8,5,1,28,1,8
2023,8,5,2,42,0,6
2023,8,5,3,67,1,14
2023,8,5,4,70,2,16
2023,8,5,5,53,0,5
2023,8,5,6,30,1,4
2023,8,5,7,30,1,4
2023,8,6,1,17,0,5
2023,8,6,2,83,0,18
2023,8,6,3,98,3,19
2023,8,6,4,88,1,10
2023,8,6,5,90,2,13
2023,8,6,6,64,1,8
2023,8,6,7,25,0,8
2023,8,7,1,22,2,5
2023,8,7,2,210,1,35
2023,8,7,3,221,2,19
2023,8,7,4,238,1,24
2023,8,7,5,243,5,29
2023,8,7,6,142,1,16
2023,8,7,7,37,0,6
2023,8,8,1,32,2,5
2023,8,8,2,163,0,17
2023,8,8,3,200,0,35
2023,8,8,4,164,2,19
2023,8,8,5,199,1,22
2023,8,8,6,121,0,20
2023,8,8,7,68,3,10
2023,8,9,1,56,1,13
2023,8,9,2,163,3,29
2023,8,9,3,182,3,31
2023,8,9,4,196,0,34
2023,8,9,5,217,0,38
2023,8,9,6,168,2,22
2023,8,9,7,105,2,20
2023,8,10,1,110,2,24
2023,8,10,2,172,0,33
2023,8,10,3,211,2,33
2023,8,10,4,212,1,38
2023,8,10,5,217,2,33
2023,8,10,6,191,2,29
2023,8,10,7,193,0,38
2023,8,11,1,155,2,34
2023,8,11,2,188,3,29
2023,8,11,3,213,4,42
2023,8,11,4,238,0,38
2023,8,11,5,243,3,40
2023,8,11,6,245,1,36
2023,8,11,7,213,1,34
2023,8,12,1,178,1,38
2023,8,12,2,191,2,30
2023,8,12,3,256,2,52
2023,8,12,4,240,2,39
2023,8,12,5,248,2,34
2023,8,12,6,279,1,42
2023,8,12,7,228,4,33
2023,8,13,1,190,4,39
2023,8,13,2,239,0,44
2023,8,13,3,259,1,41
2023,8,13,4,273,2,34
2023,8,13,5,275,2,37
2023,8,13,6,319,1,51
2023,8,13,7,194,0,37
2023,8,14,1,188,2,35
2023,8,14,2,271,1,46
2023,8,14,3,345,5,58
2023,8,14,4,277,5,42
2023,8,14,5,337,2,46
2023,8,14,6,318,0,52
2023,8,14,7,227,3,48
2023,8,15,1,218,8,49
2023,8,15,2,287,2,52
2023,8,15,3,369,2,62
2023,8,15,4,407,1,70
2023,8,15,5,399,3,71
2023,8,15,6,360,2,79
2023,8,15,7,220,2,38
2023,8,16,1,223,7,41
2023,8,16,2,317,5,49
2023,8,16,3,394,4,64
2023,8,16,4,409,3,51
2023,8,16,5,432,1,64
2023,8,16,6,320,4,45
2023,8,16,7,189,3,30
2023,8,17,1,183,1,38
2023,8,17,2,285,0,38
2023,8,17,3,348,0,47
2023,8,17,4,372,6,67
2023,8,17,5,357,3,56
2023,8,17,6,278,1,46
2023,8,17,7,197,0,36
2023,8,18,1,148,2,30
2023,8,18,2,197,2,38
2023,8,18,3,262,2,31
2023,8,18,4,292,5,54
2023,8,18,5,297,0,41
2023,8,18,6,244,1,42
2023,8,18,7,191,1,42
2023,8,19,1,136,0,37
2023,8,19,2,137,1,33
2023,8,19,3,182,0,34
2023,8,19,4,174,1,34
2023,8,19,5,206,2,35
2023,8,19,6,169,2,35
2023,8,19,7,160,3,32
2023,8,20,1,99,1,22
2023,8,20,2,93,0,20
2023,8,20,3,116,1,19
2023,8,20,4,132,3,27
2023,8,20,5,137,1,22
2023,8,20,6,129,1,27
2023,8,20,7,130,2,38
2023,8,21,1,83,2,16
2023,8,21,2,77,1,13
2023,8,21,3,103,1,24
2023,8,21,4,119,3,21
2023,8,21,5,111,1,18
2023,8,21,6,104,3,23
2023,8,21,7,113,1,30
2023,8,22,1,61,0,11
2023,8,22,2,60,0,16
2023,8,22,3,79,1,24
2023,8,22,4,98,2,23
2023,8,22,5,102,0,17
2023,8,22,6,94,2,18
2023,8,22,7,72,2,11
2023,8,23,1,28,1,9
2023,8,23,2,24,0,7
2023,8,23,3,37,1,7
2023,8,23,4,47,0,9
2023,8,23,5,55,0,9
2023,8,23,6,81,0,18
2023,8,23,7,82,1,13
2023,9,0,1,75,3,18
2023,9,0,2,16,0,2
2023,9,0,3,18,0,3
2023,9,0,4,16,0,1
2023,9,0,5,32,1,1
2023,9,0,6,33,0,3
2023,9,0,7,81,0,12
2023,9,1,1,80,0,25
2023,9,1,2,19,0,7
2023,9,1,3,10,0,2
2023,9,1,4,13,0,2
2023,9,1,5,9,0,3
2023,9,1,6,24,0,5
2023,9,1,7,59,2,15
2023,9,2,1,66,1,23
2023,9,2,2,9,1,2
2023,9,2,3,10,0,1
2023,9,2,4,9,0,4
2023,9,2,5,7,0,1
2023,9,2,6,15,0,1
2023,9,2,7,54,0,9
2023,9,3,1,46,2,12
2023,9,3,2,6,0,1
2023,9,3,3,5,0,2
2023,9,3,4,10,2,1
2023,9,3,5,10,1,3
2023,9,3,6,14,1,3
2023,9,3,7,50,1,9
2023,9,4,1,39,0,12
2023,9,4,2,10,0,1
2023,9,4,3,15,1,3
2023,9,4,4,10,0,3
2023,9,4,5,9,2,1
2023,9,4,6,11,1,3
2023,9,4,7,29,0,10
2023,9,5,1,31,0,5
2023,9,5,2,75,2,11
2023,9,5,3,78,2,13
2023,9,5,4,49,1,13
2023,9,5,5,52,0,15
2023,9,5,6,66,0,17
2023,9,5,7,32,0,10
2023,9,6,1,25,0,6
2023,9,6,2,125,2,19
2023,9,6,3,135,0,12
2023,9,6,4,115,0,13
2023,9,6,5,127,1,16
2023,9,6,6,120,1,22
2023,9,6,7,40,0,9
2023,9,7,1,19,0,8
2023,9,7,2,309,2,43
2023,9,7,3,302,1,35
2023,9,7,4,308,2,35
2023,9,7,5,296,2,37
2023,9,7,6,295,2,34
2023,9,7,7,51,0,10
2023,9,8,1,41,0,10
2023,9,8,2,224,2,26
2023,9,8,3,229,2,34
2023,9,8,4,256,2,33
2023,9,8,5,228,2,28
2023,9,8,6,221,3,22
2023,9,8,7,92,1,15
2023,9,9,1,59,1,13
2023,9,9,2,173,1,22
2023,9,9,3,211,3,20
2023,9,9,4,176,1,25
2023,9,9,5,173,4,27
2023,9,9,6,194,0,27
2023,9,9,7,157,0,33
2023,9,10,1,124,1,22
2023,9,10,2,215,2,40
2023,9,10,3,223,2,43
2023,9,10,4,190,0,27
2023,9,10,5,202,3,36
2023,9,10,6,264,1,44
2023,9,10,7,226,3,56
2023,9,11,1,219,3,51
2023,9,11,2,204,0,29
2023,9,11,3,207,0,29
2023,9,11,4,211,2,33
2023,9,11,5,236,2,34
2023,9,11,6,313,2,53
2023,9,11,7,310,8,60
2023,9,12,1,248,3,55
2023,9,12,2,260,4,41
2023,9,12,3,235,3,34
2023,9,12,4,255,2,52
2023,9,12,5,217,2,45
2023,9,12,6,377,2,48
2023,9,12,7,317,4,59
2023,9,13,1,265,3,57
2023,9,13,2,280,4,39
2023,9,13,3,327,2,46
2023,9,13,4,290,0,49
2023,9,13,5,274,3,52
2023,9,13,6,504,2,67
2023,9,13,7,332,6,67
2023,9,14,1,274,3,56
2023,9,14,2,316,1,49
2023,9,14,3,306,3,48
2023,9,14,4,302,4,46
2023,9,14,5,345,5,51
2023,9,14,6,435,2,61
2023,9,14,7,316,1,54
2023,9,15,1,271,3,64
2023,9,15,2,371,8,64
2023,9,15,3,395,5,70
2023,9,15,4,391,2,58
2023,9,15,5,407,4,69
2023,9,15,6,493,3,96
2023,9,15,7,373,2,84
2023,9,16,1,270,2,63
2023,9,16,2,438,2,54
2023,9,16,3,407,6,66
2023,9,16,4,394,1,58
2023,9,16,5,450,3,71
2023,9,16,6,417,2,66
2023,9,16,7,306,4,69
2023,9,17,1,302,5,82
2023,9,17,2,381,2,63
2023,9,17,3,365,2,59
2023,9,17,4,356,3,55
2023,9,17,5,388,2,73
2023,9,17,6,445,2,73
2023,9,17,7,326,4,58
2023,9,18,1,221,1,54
2023,9,18,2,267,3,45
2023,9,18,3,263,1,46
2023,9,18,4,296,5,42
2023,9,18,5,303,0,45
2023,9,18,6,329,4,57
2023,9,18,7,258,4,43
2023,9,19,1,147,2,33
2023,9,19,2,186,0,28
2023,9,19,3,176,2,30
2023,9,19,4,170,1,22
2023,9,19,5,192,1,32
2023,9,19,6,199,2,28
2023,9,19,7,204,1,43
2023,9,20,1,110,0,28
2023,9,20,2,104,2,18
2023,9,20,3,99,2,22
2023,9,20,4,109,1,24
2023,9,20,5,131,1,25
2023,9,20,6,177,1,25
2023,9,20,7,156,3,25
2023,9,21,1,73,1,13
2023,9,21,2,55,2,10
2023,9,21,3,82,2,21
2023,9,21,4,85,2,14
2023,9,21,5,107,4,20
2023,9,21,6,137,2,29
2023,9,21,7,128,3,31
2023,9,22,1,44,0,5
2023,9,22,2,47,0,7
2023,9,22,3,47,0,9
2023,9,22,4,59,2,8
2023,9,22,5,62,0,9
2023,9,22,6,110,3,27
2023,9,22,7,97,2,22
2023,9,23,1,34,0,7
2023,9,23,2,25,1,2
2023,9,23,3,37,0,11
2023,9,23,4,40,1,8
2023,9,23,5,43,1,10
2023,9,23,6,95,0,19
2023,9,23,7,113,3,24
2023,10,0,1,79,3,19
2023,10,0,2,16,0,5
2023,10,0,3,26,1,4
2023,10,0,4,17,2,2
2023,10,0,5,19,1,3
2023,10,0,6,24,0,1
2023,10,0,7,57,0,7
2023,10,1,1,67,1,13
2023,10,1,2,14,1,2
2023,10,1,3,26,0,5
2023,10,1,4,13,1,2
2023,10,1,5,12,0,2
2023,10,1,6,13,0,1
2023,10,1,7,35,1,7
2023,10,2,1,70,0,13
2023,10,2,2,9,0,2
2023,10,2,3,22,1,4
2023,10,2,4,6,0,0
2023,10,2,5,6,0,2
2023,10,2,6,10,0,4
2023,10,2,7,27,0,5
2023,10,3,1,43,1,9
2023,10,3,2,11,3,2
2023,10,3,3,25,0,4
2023,10,3,4,6,0,1
2023,10,3,5,10,0,3
2023,10,3,6,10,1,2
2023,10,3,7,24,0,4
2023,10,4,1,46,1,10
2023,10,4,2,15,0,4
2023,10,4,3,21,0,3
2023,10,4,4,7,1,0
2023,10,4,5,10,0,1
2023,10,4,6,11,0,3
2023,10,4,7,24,1,6
2023,10,5,1,38,1,6
2023,10,5,2,90,2,13
2023,10,5,3,52,0,11
2023,10,5,4,53,1,11
2023,10,5,5,75,0,13
2023,10,5,6,58,2,11
2023,10,5,7,24,0,5
2023,10,6,1,25,1,4
2023,10,6,2,168,1,25
2023,10,6,3,124,1,17
2023,10,6,4,137,0,21
2023,10,6,5,152,1,22
2023,10,6,6,140,0,26
2023,10,6,7,32,0,4
2023,10,7,1,16,0,3
2023,10,7,2,286,1,35
2023,10,7,3,281,2,27
2023,10,7,4,239,1,29
2023,10,7,5,324,1,37
2023,10,7,6,301,5,31
2023,10,7,7,25,0,5
2023,10,8,1,28,1,6
2023,10,8,2,206,0,25
2023,10,8,3,171,1,15
2023,10,8,4,181,1,19
2023,10,8,5,201,2,23
2023,10,8,6,167,2,20
2023,10,8,7,51,1,10
2023,10,9,1,77,2,10
2023,10,9,2,196,2,37
2023,10,9,3,165,4,22
2023,10,9,4,163,1,27
2023,10,9,5,145,0,28
2023,10,9,6,177,3,26
2023,10,9,7,88,2,13
2023,10,10,1,117,1,20
2023,10,10,2,204,3,25
2023,10,10,3,168,1,19
2023,10,10,4,174,3,23
2023,10,10,5,185,0,26
2023,10,10,6,161,2,24
2023,10,10,7,157,2,23
2023,10,11,1,140,0,43
2023,10,11,2,234,2,29
2023,10,11,3,208,2,32
2023,10,11,4,188,0,32
2023,10,11,5,176,2,24
2023,10,11,6,222,1,34
2023,10,11,7,177,3,25
2023,10,12,1,180,0,37
2023,10,12,2,295,6,46
2023,10,12,3,199,4,23
2023,10,12,4,205,1,40
2023,10,12,5,178,2,31
2023,10,12,6,266,2,29
2023,10,12,7,232,1,35
2023,10,13,1,229,3,44
2023,10,13,2,296,5,51
2023,10,13,3,280,5,40
2023,10,13,4,232,0,40
2023,10,13,5,221,2,21
2023,10,13,6,334,2,39
2023,10,13,7,196,1,27
2023,10,14,1,240,4,43
2023,10,14,2,340,4,43
2023,10,14,3,326,0,53
2023,10,14,4,289,2,50
2023,10,14,5,220,3,32
2023,10,14,6,310,1,42
2023,10,14,7,225,2,34
2023,10,15,1,223,2,52
2023,10,15,2,358,3,58
2023,10,15,3,336,2,48
2023,10,15,4,282,2,56
2023,10,15,5,259,2,24
2023,10,15,6,351,1,56
2023,10,15,7,186,4,32
2023,10,16,1,229,5,46
2023,10,16,2,398,5,57
2023,10,16,3,393,3,55
2023,10,16,4,307,4,46
2023,10,16,5,343,2,39
2023,10,16,6,306,3,48
2023,10,16,7,177,3,24
2023,10,17,1,224,3,39
2023,10,17,2,344,0,44
2023,10,17,3,369,3,53
2023,10,17,4,273,1,39
2023,10,17,5,293,0,34
2023,10,17,6,253,2,34
2023,10,17,7,195,3,33
2023,10,18,1,177,0,37
2023,10,18,2,238,0,45
2023,10,18,3,261,2,56
2023,10,18,4,201,3,33
2023,10,18,5,203,0,29
2023,10,18,6,201,1,40
2023,10,18,7,141,4,27
2023,10,19,1,134,2,20
2023,10,19,2,189,4,31
2023,10,19,3,190,1,30
2023,10,19,4,151,1,24
2023,10,19,5,159,2,21
2023,10,19,6,172,3,35
2023,10,19,7,162,0,31
2023,10,20,1,109,3,24
2023,10,20,2,111,2,19
2023,10,20,3,105,2,21
2023,10,20,4,82,0,13
2023,10,20,5,120,1,19
2023,10,20,6,126,0,13
2023,10,20,7,92,3,17
2023,10,21,1,65,1,11
2023,10,21,2,81,1,15
2023,10,21,3,93,1,16
2023,10,21,4,68,1,9
2023,10,21,5,81,2,14
2023,10,21,6,98,2,20
2023,10,21,7,71,1,17
2023,10,22,1,45,0,9
2023,10,22,2,53,3,12
2023,10,22,3,61,0,11
2023,10,22,4,42,0,4
2023,10,22,5,58,3,16
2023,10,22,6,84,1,16
2023,10,22,7,68,0,12
2023,10,23,1,24,0,6
2023,10,23,2,44,0,11
2023,10,23,3,37,0,8
2023,10,23,4,33,0,9
2023,10,23,5,36,0,6
2023,10,23,6,67,2,17
2023,10,23,7,61,1,15
2023,11,0,1,59,0,10
2023,11,0,2,15,0,4
2023,11,0,3,15,2,3
2023,11,0,4,23,1,8
2023,11,0,5,17,0,1
2023,11,0,6,19,1,3
2023,11,0,7,39,1,5
2023,11,1,1,38,0,8
2023,11,1,2,12,2,4
2023,11,1,3,14,0,4
2023,11,1,4,15,2,1
2023,11,1,5,11,0,1
2023,11,1,6,14,0,1
2023,11,1,7,45,1,8
2023,11,2,1,41,2,7
2023,11,2,2,6,1,1
2023,11,2,3,6,0,0
2023,11,2,4,16,0,3
2023,11,2,5,8,0,2
2023,11,2,6,10,1,4
2023,11,2,7,32,0,4
2023,11,3,1,42,1,5
2023,11,3,2,4,1,2
2023,11,3,3,11,0,0
2023,11,3,4,21,0,2
2023,11,3,5,12,0,3
2023,11,3,6,6,0,4
2023,11,3,7,30,2,3
2023,11,4,1,37,1,5
2023,11,4,2,13,0,1
2023,11,4,3,16,0,3
2023,11,4,4,22,0,4
2023,11,4,5,17,0,2
2023,11,4,6,13,1,2
2023,11,4,7,21,0,0
2023,11,5,1,35,1,6
2023,11,5,2,87,4,9
2023,11,5,3,64,1,8
2023,11,5,4,76,1,9
2023,11,5,5,72,2,12
2023,11,5,6,44,1,5
2023,11,5,7,35,1,6
2023,11,6,1,24,0,0
2023,11,6,2,191,1,23
2023,11,6,3,170,2,26
2023,11,6,4,152,1,22
2023,11,6,5,160,0,10
2023,11,6,6,117,2,17
2023,11,6,7,32,1,3
2023,11,7,1,16,0,4
2023,11,7,2,346,1,35
2023,11,7,3,315,2,26
2023,11,7,4,321,4,38
2023,11,7,5,348,6,25
2023,11,7,6,230,1,28
2023,11,7,7,40,0,7
2023,11,8,1,23,0,4
2023,11,8,2,217,1,20
2023,11,8,3,206,2,29
2023,11,8,4,212,2,30
2023,11,8,5,201,2,21
2023,11,8,6,133,2,16
2023,11,8,7,63,1,11
2023,11,9,1,37,0,8
2023,11,9,2,150,2,18
2023,11,9,3,127,0,17
2023,11,9,4,181,3,19
2023,11,9,5,166,2,17
2023,11,9,6,119,0,10
2023,11,9,7,94,1,14
2023,11,10,1,63,2,9
2023,11,10,2,151,1,21
2023,11,10,3,139,2,23
2023,11,10,4,158,2,20
2023,11,10,5,169,2,24
2023,11,10,6,136,0,22
2023,11,10,7,121,1,19
2023,11,11,1,84,0,16
2023,11,11,2,168,0,20
2023,11,11,3,131,3,16
2023,11,11,4,182,2,28
2023,11,11,5,200,1,20
2023,11,11,6,190,2,22
2023,11,11,7,144,1,19
2023,11,12,1,87,1,9
2023,11,12,2,175,1,20
2023,11,12,3,163,2,14
2023,11,12,4,183,3,26
2023,11,12,5,213,2,32
2023,11,12,6,254,1,35
2023,11,12,7,146,1,23
2023,11,13,1,107,1,19
2023,11,13,2,216,1,18
2023,11,13,3,198,0,23
2023,11,13,4,240,1,39
2023,11,13,5,233,2,35
2023,11,13,6,312,0,43
2023,11,13,7,138,1,15
2023,11,14,1,111,1,18
2023,11,14,2,251,2,23
2023,11,14,3,218,2,32
2023,11,14,4,231,3,33
2023,11,14,5,248,1,36
2023,11,14,6,285,1,32
2023,11,14,7,173,0,29
2023,11,15,1,96,2,7
2023,11,15,2,276,2,29
2023,11,15,3,243,1,26
2023,11,15,4,293,0,50
2023,11,15,5,290,0,31
2023,11,15,6,257,0,23
2023,11,15,7,150,1,16
2023,11,16,1,99,2,16
2023,11,16,2,322,1,47
2023,11,16,3,283,0,29
2023,11,16,4,279,1,43
2023,11,16,5,330,2,37
2023,11,16,6,233,3,25
2023,11,16,7,129,2,16
2023,11,17,1,159,2,26
2023,11,17,2,391,2,44
2023,11,17,3,361,1,55
2023,11,17,4,368,3,52
2023,11,17,5,485,10,69
2023,11,17,6,301,1,45
2023,11,17,7,195,3,31
2023,11,18,1,102,2,15
2023,11,18,2,252,1,26
2023,11,18,3,229,3,29
2023,11,18,4,239,6,25
2023,11,18,5,311,3,39
2023,11,18,6,206,1,27
2023,11,18,7,221,3,36
2023,11,19,1,76,1,16
2023,11,19,2,136,1,23
2023,11,19,3,126,0,18
2023,11,19,4,149,3,24
2023,11,19,5,160,1,17
2023,11,19,6,133,0,19
2023,11,19,7,131,1,14
2023,11,20,1,64,1,14
2023,11,20,2,90,2,17
2023,11,20,3,90,0,20
2023,11,20,4,83,0,11
2023,11,20,5,96,0,10
2023,11,20,6,111,0,24
2023,11,20,7,99,0,14
2023,11,21,1,37,0,5
2023,11,21,2,68,0,11
2023,11,21,3,67,0,12
2023,11,21,4,72,0,10
2023,11,21,5,83,0,10
2023,11,21,6,74,2,9
2023,11,21,7,93,1,8
2023,11,22,1,30,1,7
2023,11,22,2,44,0,5
2023,11,22,3,39,2,4
2023,11,22,4,45,1,7
2023,11,22,5,58,0,8
2023,11,22,6,84,2,16
2023,11,22,7,71,0,12
2023,11,23,1,22,1,2
2023,11,23,2,27,0,2
2023,11,23,3,19,0,4
2023,11,23,4,26,1,2
2023,11,23,5,31,0,6
2023,11,23,6,69,0,10
2023,11,23,7,69,0,10
2023,12,0,1,41,0,8
2023,12,0,2,15,0,3
2023,12,0,3,18,0,2
2023,12,0,4,21,3,3
2023,12,0,5,23,1,3
2023,12,0,6,27,0,5
2023,12,0,7,71,1,8
2023,12,1,1,52,1,15
2023,12,1,2,9,0,1
2023,12,1,3,15,0,6
2023,12,1,4,11,1,4
2023,12,1,5,12,0,1
2023,12,1,6,19,0,4
2023,12,1,7,41,2,3
2023,12,2,1,41,1,10
2023,12,2,2,12,0,1
2023,12,2,3,16,2,2
2023,12,2,4,8,0,2
2023,12,2,5,11,0,4
2023,12,2,6,22,2,6
2023,12,2,7,34,2,6
2023,12,3,1,30,0,5
2023,12,3,2,5,0,0
2023,12,3,3,12,0,3
2023,12,3,4,4,1,0
2023,12,3,5,11,0,3
2023,12,3,6,11,0,3
2023,12,3,7,24,1,6
2023,12,4,1,25,1,6
2023,12,4,2,22,0,4
2023,12,4,3,23,0,8
2023,12,4,4,15,0,5
2023,12,4,5,8,0,2
2023,12,4,6,21,1,8
2023,12,4,7,29,0,7
2023,12,5,1,25,0,8
2023,12,5,2,66,0,11
2023,12,5,3,56,1,8
2023,12,5,4,57,0,4
2023,12,5,5,47,1,8
2023,12,5,6,59,0,12
2023,12,5,7,40,0,4
2023,12,6,1,17,0,5
2023,12,6,2,119,1,22
2023,12,6,3,110,1,18
2023,12,6,4,106,0,12
2023,12,6,5,101,3,16
2023,12,6,6,111,1,17
2023,12,6,7,36,0,4
2023,12,7,1,10,0,2
2023,12,7,2,239,3,34
2023,12,7,3,257,1,37
2023,12,7,4,249,2,31
2023,12,7,5,242,2,36
2023,12,7,6,262,3,30
2023,12,7,7,36,1,5
2023,12,8,1,19,0,6
2023,12,8,2,128,1,10
2023,12,8,3,130,0,20
2023,12,8,4,134,1,17
2023,12,8,5,157,1,22
2023,12,8,6,134,2,13
2023,12,8,7,57,0,7
2023,12,9,1,22,0,5
2023,12,9,2,114,2,16
2023,12,9,3,120,0,15
2023,12,9,4,123,0,18
2023,12,9,5,102,1,11
2023,12,9,6,131,2,17
2023,12,9,7,83,0,16
2023,12,10,1,52,1,8
2023,12,10,2,126,4,10
2023,12,10,3,122,1,17
2023,12,10,4,121,1,16
2023,12,10,5,113,1,21
2023,12,10,6,134,3,19
2023,12,10,7,128,2,17
2023,12,11,1,63,2,9
2023,12,11,2,141,3,19
2023,12,11,3,137,0,15
2023,12,11,4,119,1,13
2023,12,11,5,149,1,18
2023,12,11,6,208,1,33
2023,12,11,7,155,1,19
2023,12,12,1,89,0,10
2023,12,12,2,147,2,22
2023,12,12,3,139,0,18
2023,12,12,4,129,1,14
2023,12,12,5,162,0,20
2023,12,12,6,216,0,23
2023,12,12,7,153,1,14
2023,12,13,1,91,0,10
2023,12,13,2,167,2,18
2023,12,13,3,140,0,19
2023,12,13,4,174,1,21
2023,12,13,5,161,2,16
2023,12,13,6,221,2,27
2023,12,13,7,156,0,26
2023,12,14,1,98,3,14
2023,12,14,2,183,4,41
2023,12,14,3,153,5,16
2023,12,14,4,164,2,19
2023,12,14,5,211,2,33
2023,12,14,6,238,0,31
2023,12,14,7,183,3,28
2023,12,15,1,93,1,12
2023,12,15,2,193,4,33
2023,12,15,3,185,0,24
2023,12,15,4,181,2,21
2023,12,15,5,181,1,20
2023,12,15,6,187,2,30
2023,12,15,7,133,1,19
2023,12,16,1,107,2,17
2023,12,16,2,227,3,31
2023,12,16,3,248,0,40
2023,12,16,4,217,0,31
2023,12,16,5,223,3,31
2023,12,16,6,245,5,36
2023,12,16,7,160,1,24
2023,12,17,1,124,0,21
2023,12,17,2,216,6,24
2023,12,17,3,294,1,38
2023,12,17,4,266,2,40
2023,12,17,5,311,2,45
2023,12,17,6,290,4,27
2023,12,17,7,207,4,33
2023,12,18,1,86,3,7
2023,12,18,2,164,2,26
2023,12,18,3,166,1,25
2023,12,18,4,141,2,27
2023,12,18,5,185,4,23
2023,12,18,6,225,3,29
2023,12,18,7,165,1,31
2023,12,19,1,80,1,10
2023,12,19,2,102,1,16
2023,12,19,3,111,2,9
2023,12,19,4,83,1,15
2023,12,19,5,112,0,12
2023,12,19,6,170,0,18
2023,12,19,7,125,1,20
2023,12,20,1,75,1,12
2023,12,20,2,67,1,13
2023,12,20,3,73,0,11
2023,12,20,4,64,0,5
2023,12,20,5,77,1,7
2023,12,20,6,101,3,18
2023,12,20,7,82,1,11
2023,12,21,1,49,0,6
2023,12,21,2,50,0,7
2023,12,21,3,49,0,10
2023,12,21,4,61,0,9
2023,12,21,5,69,1,13
2023,12,21,6,86,1,7
2023,12,21,7,72,0,11
2023,12,22,1,43,2,12
2023,12,22,2,34,1,7
2023,12,22,3,48,0,10
2023,12,22,4,44,0,9
2023,12,22,5,43,2,7
2023,12,22,6,80,1,14
2023,12,22,7,77,1,16
2023,12,23,1,35,0,5
2023,12,23,2,25,0,7
2023,12,23,3,26,1,5
2023,12,23,4,25,0,4
2023,12,23,5,28,2,4
2023,12,23,6,71,3,13
2023,12,23,7,54,1,9
