date,total,fatal,serious
2021-01-01,110,4,26
2021-01-02,176,3,26
2021-01-03,124,3,26
2021-01-04,160,3,33
2021-01-05,177,2,32
2021-01-06,192,3,37
2021-01-07,204,0,41
2021-01-08,228,1,51
2021-01-09,183,1,35
2021-01-10,118,2,23
2021-01-11,141,3,27
2021-01-12,195,5,41
2021-01-13,170,5,21
2021-01-14,217,3,25
2021-01-15,201,3,35
2021-01-16,127,2,33
2021-01-17,135,3,23
2021-01-18,171,4,44
2021-01-19,151,3,19
2021-01-20,197,1,37
2021-01-21,191,8,36
2021-01-22,354,6,85
2021-01-23,193,2,33
2021-01-24,171,2,28
2021-01-25,209,0,35
2021-01-26,158,2,35
2021-01-27,177,3,39
2021-01-28,198,5,41
2021-01-29,224,1,48
2021-01-30,169,4,39
2021-01-31,149,1,26
2021-02-01,183,1,33
2021-02-02,187,1,34
2021-02-03,179,4,26
2021-02-04,207,5,40
2021-02-05,250,1,53
2021-02-06,197,2,36
2021-02-07,112,1,16
2021-02-08,165,0,19
2021-02-09,145,1,23
2021-02-10,192,2,33
2021-02-11,195,1,40
2021-02-12,190,0,33
2021-02-13,156,1,30
2021-02-14,125,2,20
2021-02-15,191,1,42
2021-02-16,166,2,27
2021-02-17,183,2,36
2021-02-18,172,1,27
2021-02-19,203,2,35
2021-02-20,174,1,40
2021-02-21,141,1,36
2021-02-22,192,4,41
2021-02-23,211,3,53
2021-02-24,158,1,30
2021-02-25,194,4,42
2021-02-26,326,1,62
2021-02-27,258,4,66
2021-02-28,199,7,44
2021-03-01,172,2,37
2021-03-02,170,4,32
2021-03-03,210,2,43
2021-03-04,180,4,30
2021-03-05,192,3,37
2021-03-06,204,5,48
2021-03-07,159,1,43
2021-03-08,214,0,43
2021-03-09,236,5,44
2021-03-10,242,2,46
2021-03-11,243,2,41
2021-03-12,274,1,54
2021-03-13,231,3,43
2021-03-14,151,3,30
2021-03-15,233,2,44
2021-03-16,229,2,47
2021-03-17,236,3,49
2021-03-18,222,0,31
2021-03-19,268,4,59
2021-03-20,172,2,38
2021-03-21,175,3,33
2021-03-22,234,5,43
2021-03-23,205,3,46
2021-03-24,241,2,60
2021-03-25,242,2,39
2021-03-26,254,1,48
2021-03-27,201,1,54
2021-03-28,129,3,32
2021-03-29,267,5,51
2021-03-30,345,6,78
2021-03-31,293,3,68
2021-04-01,277,3,39
2021-04-02,248,4,62
2021-04-03,237,7,59
2021-04-04,230,6,54
2021-04-05,184,0,46
2021-04-06,232,4,33
2021-04-07,207,5,52
2021-04-08,211,2,39
2021-04-09,262,1,48
2021-04-10,234,1,63
2021-04-11,188,4,32
2021-04-12,297,7,46
2021-04-13,282,3,73
2021-04-14,273,4,51
2021-04-15,301,5,50
2021-04-16,350,5,71
2021-04-17,330,5,76
2021-04-18,223,4,54
2021-04-19,307,5,64
2021-04-20,311,1,65
2021-04-21,312,2,63
2021-04-22,386,5,67
2021-04-23,404,5,80
2021-04-24,368,6,81
2021-04-25,269,3,69
2021-04-26,332,4,75
2021-04-27,272,2,63
2021-04-28,265,2,55
2021-04-29,305,4,61
2021-04-30,366,1,56
2021-05-01,285,5,59
2021-05-02,259,4,56
2021-05-03,200,2,44
2021-05-04,295,3,53
2021-05-05,307,0,50
2021-05-06,296,4,67
2021-05-07,341,3,64
2021-05-08,232,4,37
2021-05-09,229,1,53
2021-05-10,297,3,57
2021-05-11,298,2,57
2021-05-12,294,4,61
2021-05-13,303,4,52
2021-05-14,340,7,72
2021-05-15,268,2,50
2021-05-16,215,4,61
2021-05-17,301,2,63
2021-05-18,319,5,78
2021-05-19,311,4,58
2021-05-20,307,2,53
2021-05-21,360,7,74
2021-05-22,287,0,60
2021-05-23,225,2,49
2021-05-24,293,0,45
2021-05-25,278,2,44
2021-05-26,287,4,45
2021-05-27,375,6,78
2021-05-28,360,7,61
2021-05-29,325,5,84
2021-05-30,332,12,79
2021-05-31,301,6,81
2021-06-01,379,6,92
2021-06-02,335,6,74
2021-06-03,323,5,61
2021-06-04,365,4,80
2021-06-05,336,5,83
2021-06-06,265,3,73
2021-06-07,316,2,79
2021-06-08,378,4,84
2021-06-09,364,3,87
2021-06-10,334,4,83
2021-06-11,376,2,86
2021-06-12,343,3,84
2021-06-13,320,4,80
2021-06-14,320,5,71
2021-06-15,362,3,78
2021-06-16,350,6,72
2021-06-17,319,1,61
2021-06-18,373,8,70
2021-06-19,265,9,60
2021-06-20,199,5,40
2021-06-21,248,2,44
2021-06-22,319,3,61
2021-06-23,360,3,75
2021-06-24,316,1,88
2021-06-25,338,2,71
2021-06-26,334,8,84
2021-06-27,230,2,65
2021-06-28,289,2,59
2021-06-29,297,5,64
2021-06-30,270,1,46
2021-07-01,339,7,71
2021-07-02,344,4,68
2021-07-03,300,7,64
2021-07-04,244,2,64
2021-07-05,316,2,68
2021-07-06,302,3,55
2021-07-07,312,4,63
2021-07-08,300,10,75
2021-07-09,329,8,75
2021-07-10,290,3,72
2021-07-11,243,5,71
2021-07-12,324,7,69
2021-07-13,329,3,56
2021-07-14,305,4,71
2021-07-15,313,5,67
2021-07-16,382,0,89
2021-07-17,339,11,94
2021-07-18,324,9,96
2021-07-19,310,4,68
2021-07-20,383,6,87
2021-07-21,344,7,79
2021-07-22,367,6,74
2021-07-23,338,5,57
2021-07-24,262,3,70
2021-07-25,253,6,61
2021-07-26,294,7,66
2021-07-27,279,1,54
2021-07-28,274,9,53
2021-07-29,295,5,65
2021-07-30,282,4,50
2021-07-31,292,9,60
2021-08-01,233,5,49
2021-08-02,244,7,47
2021-08-03,305,3,62
2021-08-04,324,4,71
2021-08-05,289,4,49
2021-08-06,302,3,59
2021-08-07,304,4,66
2021-08-08,243,2,54
2021-08-09,266,4,56
2021-08-10,294,3,53
2021-08-11,286,4,73
2021-08-12,296,2,72
2021-08-13,318,7,77
2021-08-14,265,3,66
2021-08-15,269,9,84
2021-08-16,263,5,58
2021-08-17,243,4,48
2021-08-18,266,5,50
2021-08-19,302,2,67
2021-08-20,318,2,69
2021-08-21,309,3,74
2021-08-22,255,5,65
2021-08-23,302,10,70
2021-08-24,257,4,74
2021-08-25,320,9,77
2021-08-26,297,4,58
2021-08-27,331,4,73
2021-08-28,305,7,66
2021-08-29,252,11,60
2021-08-30,224,6,49
2021-08-31,244,3,47
2021-09-01,275,3,70
2021-09-02,290,5,59
2021-09-03,319,6,71
2021-09-04,270,6,63
2021-09-05,296,7,81
2021-09-06,300,2,87
2021-09-07,398,5,87
2021-09-08,392,5,81
2021-09-09,378,7,87
2021-09-10,397,4,68
2021-09-11,297,5,71
2021-09-12,228,2,64
2021-09-13,265,3,56
2021-09-14,339,2,74
2021-09-15,355,9,68
2021-09-16,356,5,85
2021-09-17,385,5,96
2021-09-18,327,2,86
2021-09-19,252,6,53
2021-09-20,328,2,78
2021-09-21,334,4,71
2021-09-22,347,3,63
2021-09-23,347,7,58
2021-09-24,426,5,81
2021-09-25,347,8,73
2021-09-26,257,8,62
2021-09-27,346,4,59
2021-09-28,329,8,62
2021-09-29,359,4,73
2021-09-30,332,3,54
2021-10-01,407,4,83
2021-10-02,320,6,78
2021-10-03,243,3,52
2021-10-04,337,10,75
2021-10-05,323,3,68
2021-10-06,370,11,72
2021-10-07,304,6,72
2021-10-08,349,7,76
2021-10-09,339,7,64
2021-10-10,274,7,64
2021-10-11,296,4,67
2021-10-12,301,4,61
2021-10-13,312,3,53
2021-10-14,290,4,59
2021-10-15,380,4,75
2021-10-16,292,1,65
2021-10-17,246,8,47
2021-10-18,320,3,59
2021-10-19,345,7,67
2021-10-20,360,5,69
2021-10-21,340,3,54
2021-10-22,364,3,81
2021-10-23,269,6,62
2021-10-24,234,2,54
2021-10-25,312,5,79
2021-10-26,241,10,47
2021-10-27,270,3,48
2021-10-28,287,1,62
2021-10-29,363,9,70
2021-10-30,331,8,81
2021-10-31,292,6,66
2021-11-01,327,5,80
2021-11-02,380,3,77
2021-11-03,388,4,85
2021-11-04,332,6,57
2021-11-05,421,5,86
2021-11-06,310,5,77
2021-11-07,261,7,60
2021-11-08,322,3,69
2021-11-09,379,5,77
2021-11-10,361,4,88
2021-11-11,338,2,67
2021-11-12,419,2,77
2021-11-13,278,7,58
2021-11-14,235,3,58
2021-11-15,309,4,66
2021-11-16,332,2,67
2021-11-17,309,10,69
2021-11-18,330,3,69
2021-11-19,339,7,81
2021-11-20,282,8,66
2021-11-21,256,2,64
2021-11-22,342,4,73
2021-11-23,364,4,69
2021-11-24,332,2,68
2021-11-25,382,6,89
2021-11-26,435,6,92
2021-11-27,320,6,63
2021-11-28,250,4,52
2021-11-29,305,4,62
2021-11-30,337,5,61
2021-12-01,329,7,45
2021-12-02,358,5,59
2021-12-03,355,6,78
2021-12-04,321,2,62
2021-12-05,202,1,44
2021-12-06,355,2,70
2021-12-07,286,0,51
2021-12-08,322,2,51
2021-12-09,380,4,81
2021-12-10,400,7,84
2021-12-11,324,7,72
2021-12-12,227,6,50
2021-12-13,307,3,71
2021-12-14,306,7,57
2021-12-15,319,3,64
2021-12-16,270,9,43
2021-12-17,309,13,61
2021-12-18,257,8,55
2021-12-19,207,4,36
2021-12-20,248,1,44
2021-12-21,233,4,51
2021-12-22,248,6,47
2021-12-23,277,3,61
2021-12-24,262,6,56
2021-12-25,126,2,31
2021-12-26,148,3,34
2021-12-27,195,8,37
2021-12-28,143,6,35
2021-12-29,217,2,47
2021-12-30,218,3,45
2021-12-31,196,3,54
2022-01-01,185,7,50
2022-01-02,158,3,34
2022-01-03,163,1,37
2022-01-04,253,1,51
2022-01-05,298,6,64
2022-01-06,266,2,41
2022-01-07,331,3,72
2022-01-08,216,3,38
2022-01-09,224,5,51
2022-01-10,274,6,59
2022-01-11,290,5,52
2022-01-12,366,3,72
2022-01-13,417,8,99
2022-01-14,448,4,79
2022-01-15,259,6,51
2022-01-16,203,5,42
2022-01-17,400,9,82
2022-01-18,309,3,67
2022-01-19,326,9,56
2022-01-20,329,3,74
2022-01-21,370,3,63
2022-01-22,298,5,72
2022-01-23,206,4,47
2022-01-24,291,2,72
2022-01-25,268,5,60
2022-01-26,330,4,72
2022-01-27,333,8,61
2022-01-28,370,10,73
2022-01-29,302,4,67
2022-01-30,276,8,64
2022-01-31,268,6,49
2022-02-01,312,4,57
2022-02-02,304,9,71
2022-02-03,279,4,70
2022-02-04,341,5,70
2022-02-05,259,7,69
2022-02-06,212,4,52
2022-02-07,321,0,64
2022-02-08,261,2,57
2022-02-09,307,3,62
2022-02-10,305,4,70
2022-02-11,372,3,89
2022-02-12,237,4,46
2022-02-13,236,8,45
2022-02-14,285,4,46
2022-02-15,238,5,43
2022-02-16,259,2,49
2022-02-17,271,2,52
2022-02-18,253,5,58
2022-02-19,278,3,64
2022-02-20,171,4,33
2022-02-21,218,3,43
2022-02-22,258,2,59
2022-02-23,264,2,53
2022-02-24,290,3,62
2022-02-25,334,4,63
2022-02-26,297,8,65
2022-02-27,232,5,56
2022-02-28,284,4,56
2022-03-01,296,2,58
2022-03-02,278,5,45
2022-03-03,339,3,58
2022-03-04,298,5,57
2022-03-05,262,5,57
2022-03-06,198,2,50
2022-03-07,237,5,40
2022-03-08,260,2,44
2022-03-09,273,2,54
2022-03-10,292,4,65
2022-03-11,313,6,62
2022-03-12,279,4,64
2022-03-13,182,5,42
2022-03-14,280,4,71
2022-03-15,259,4,62
2022-03-16,311,9,73
2022-03-17,353,4,73
2022-03-18,346,8,65
2022-03-19,296,5,64
2022-03-20,227,7,56
2022-03-21,226,6,49
2022-03-22,289,3,62
2022-03-23,322,4,71
2022-03-24,276,6,76
2022-03-25,378,6,103
2022-03-26,357,7,80
2022-03-27,248,4,75
2022-03-28,260,5,53
2022-03-29,287,2,57
2022-03-30,281,1,54
2022-03-31,320,0,64
2022-04-01,325,5,64
2022-04-02,241,4,60
2022-04-03,219,5,50
2022-04-04,222,6,50
2022-04-05,232,4,58
2022-04-06,271,3,49
2022-04-07,283,4,61
2022-04-08,301,10,69
2022-04-09,268,8,61
2022-04-10,206,2,46
2022-04-11,206,3,46
2022-04-12,231,3,45
2022-04-13,264,3,57
2022-04-14,314,4,74
2022-04-15,255,5,61
2022-04-16,294,8,68
2022-04-17,197,4,68
2022-04-18,227,2,63
2022-04-19,236,2,40
2022-04-20,270,3,49
2022-04-21,320,2,67
2022-04-22,289,4,65
2022-04-23,250,8,62
2022-04-24,263,7,59
2022-04-25,233,3,52
2022-04-26,290,2,72
2022-04-27,269,0,62
2022-04-28,271,5,67
2022-04-29,370,6,64
2022-04-30,316,3,82
2022-05-01,245,7,67
2022-05-02,215,5,51
2022-05-03,248,1,46
2022-05-04,300,4,58
2022-05-05,323,6,66
2022-05-06,360,5,91
2022-05-07,278,6,70
2022-05-08,269,5,68
2022-05-09,288,5,71
2022-05-10,271,4,57
2022-05-11,326,3,62
2022-05-12,355,5,88
2022-05-13,364,5,65
2022-05-14,342,5,98
2022-05-15,216,4,56
2022-05-16,291,1,58
2022-05-17,354,5,63
2022-05-18,341,1,78
2022-05-19,299,7,77
2022-05-20,358,4,80
2022-05-21,290,2,66
2022-05-22,263,5,59
2022-05-23,263,2,49
2022-05-24,325,1,71
2022-05-25,273,5,51
2022-05-26,270,3,56
2022-05-27,365,4,77
2022-05-28,297,4,86
2022-05-29,224,1,44
2022-05-30,280,6,67
2022-05-31,284,2,60
2022-06-01,314,3,76
2022-06-02,268,7,63
2022-06-03,283,8,73
2022-06-04,244,4,64
2022-06-05,201,3,52
2022-06-06,271,3,55
2022-06-07,325,6,61
2022-06-08,344,3,54
2022-06-09,307,1,65
2022-06-10,388,5,89
2022-06-11,285,5,72
2022-06-12,248,5,80
2022-06-13,317,5,65
2022-06-14,355,6,59
2022-06-15,336,7,60
2022-06-16,365,6,94
2022-06-17,454,7,105
2022-06-18,275,3,56
2022-06-19,216,3,54
2022-06-20,351,3,75
2022-06-21,396,1,91
2022-06-22,398,6,93
2022-06-23,296,0,61
2022-06-24,376,5,76
2022-06-25,297,4,72
2022-06-26,269,8,62
2022-06-27,301,4,47
2022-06-28,302,4,59
2022-06-29,273,4,56
2022-06-30,294,2,59
2022-07-01,335,2,80
2022-07-02,289,5,71
2022-07-03,230,7,57
2022-07-04,287,1,61
2022-07-05,299,3,58
2022-07-06,280,3,61
2022-07-07,326,3,80
2022-07-08,411,5,94
2022-07-09,338,4,98
2022-07-10,352,12,106
2022-07-11,330,4,79
2022-07-12,285,4,63
2022-07-13,317,4,73
2022-07-14,359,4,82
2022-07-15,357,3,79
2022-07-16,293,4,68
2022-07-17,285,7,78
2022-07-18,296,6,64
2022-07-19,283,7,67
2022-07-20,266,6,59
2022-07-21,275,2,68
2022-07-22,273,3,58
2022-07-23,278,8,77
2022-07-24,245,10,52
2022-07-25,246,3,48
2022-07-26,260,3,58
2022-07-27,279,1,64
2022-07-28,244,1,53
2022-07-29,327,5,79
2022-07-30,258,8,52
2022-07-31,264,8,72
2022-08-01,260,1,63
2022-08-02,265,3,53
2022-08-03,273,5,68
2022-08-04,327,4,77
2022-08-05,331,2,66
2022-08-06,327,6,73
2022-08-07,267,3,81
2022-08-08,277,6,63
2022-08-09,331,6,76
2022-08-10,383,10,80
2022-08-11,345,6,86
2022-08-12,349,5,75
2022-08-13,347,7,85
2022-08-14,255,4,65
2022-08-15,259,1,57
2022-08-16,250,2,57
2022-08-17,265,6,51
2022-08-18,301,9,73
2022-08-19,338,6,67
2022-08-20,277,7,73
2022-08-21,249,6,62
2022-08-22,248,2,52
2022-08-23,265,4,59
2022-08-24,271,0,69
2022-08-25,276,7,64
2022-08-26,333,7,83
2022-08-27,299,6,73
2022-08-28,219,6,61
2022-08-29,201,2,52
2022-08-30,262,9,51
2022-08-31,289,4,63
2022-09-01,284,3,68
2022-09-02,315,2,74
2022-09-03,281,8,60
2022-09-04,235,5,62
2022-09-05,297,6,68
2022-09-06,289,2,56
2022-09-07,314,6,55
2022-09-08,319,4,55
2022-09-09,297,2,77
2022-09-10,247,5,60
2022-09-11,251,6,72
2022-09-12,267,2,61
2022-09-13,308,2,63
2022-09-14,296,2,55
2022-09-15,290,6,62
2022-09-16,383,7,90
2022-09-17,308,7,68
2022-09-18,266,9,72
2022-09-19,141,0,31
2022-09-20,313,4,61
2022-09-21,276,3,63
2022-09-22,311,3,59
2022-09-23,335,5,79
2022-09-24,296,5,72
2022-09-25,255,6,85
2022-09-26,295,2,57
2022-09-27,305,2,57
2022-09-28,328,2,76
2022-09-29,324,1,76
2022-09-30,350,5,61
2022-10-01,369,4,86
2022-10-02,212,4,46
2022-10-03,259,4,44
2022-10-04,303,4,68
2022-10-05,324,2,56
2022-10-06,351,7,87
2022-10-07,370,6,71
2022-10-08,348,9,96
2022-10-09,220,1,51
2022-10-10,369,2,85
2022-10-11,295,4,68
2022-10-12,252,4,47
2022-10-13,339,7,67
2022-10-14,357,8,73
2022-10-15,313,8,63
2022-10-16,246,4,66
2022-10-17,299,6,68
2022-10-18,320,1,75
2022-10-19,271,1,69
2022-10-20,347,5,76
2022-10-21,369,2,77
2022-10-22,287,0,66
2022-10-23,226,3,49
2022-10-24,247,3,55
2022-10-25,267,6,52
2022-10-26,315,4,67
2022-10-27,265,1,56
2022-10-28,350,7,82
2022-10-29,282,4,68
2022-10-30,234,5,51
2022-10-31,328,2,73
2022-11-01,326,5,59
2022-11-02,331,4,70
2022-11-03,370,4,81
2022-11-04,461,5,101
2022-11-05,282,4,67
2022-11-06,202,8,44
2022-11-07,304,5,59
2022-11-08,331,2,71
2022-11-09,377,1,96
2022-11-10,310,0,65
2022-11-11,316,6,71
2022-11-12,296,6,65
2022-11-13,253,5,62
2022-11-14,287,7,59
2022-11-15,343,2,76
2022-11-16,372,4,79
2022-11-17,375,7,64
2022-11-18,372,7,87
2022-11-19,286,5,62
2022-11-20,211,5,40
2022-11-21,338,4,73
2022-11-22,323,4,72
2022-11-23,348,2,76
2022-11-24,329,6,73
2022-11-25,394,9,82
2022-11-26,268,4,72
2022-11-27,236,5,50
2022-11-28,356,2,76
2022-11-29,292,5,61
2022-11-30,303,2,59
2022-12-01,317,4,72
2022-12-02,334,10,73
2022-12-03,272,5,59
2022-12-04,178,2,44
2022-12-05,295,3,59
2022-12-06,348,7,72
2022-12-07,344,6,64
2022-12-08,407,4,91
2022-12-09,383,2,71
2022-12-10,308,6,67
2022-12-11,246,3,45
2022-12-12,194,0,35
2022-12-13,235,8,46
2022-12-14,307,2,55
2022-12-15,381,7,67
2022-12-16,357,13,68
2022-12-17,259,5,49
2022-12-18,223,2,35
2022-12-19,235,5,38
2022-12-20,308,2,68
2022-12-21,281,3,62
2022-12-22,275,4,65
2022-12-23,279,6,55
2022-12-24,220,9,66
2022-12-25,132,4,29
2022-12-26,168,3,45
2022-12-27,183,3,41
2022-12-28,177,3,39
2022-12-29,191,0,40
2022-12-30,193,4,49
2022-12-31,179,3,48
2023-01-01,162,5,33
2023-01-02,198,6,52
2023-01-03,220,4,46
2023-01-04,238,4,47
2023-01-05,241,1,52
2023-01-06,278,3,64
2023-01-07,241,7,50
2023-01-08,180,3,43
2023-01-09,285,4,72
2023-01-10,330,1,61
2023-01-11,319,4,61
2023-01-12,317,3,62
2023-01-13,339,5,82
2023-01-14,254,5,66
2023-01-15,220,4,51
2023-01-16,361,9,72
2023-01-17,402,0,78
2023-01-18,360,4,69
2023-01-19,364,3,71
2023-01-20,396,6,75
2023-01-21,291,4,67
2023-01-22,189,1,34
2023-01-23,288,4,51
2023-01-24,293,3,48
2023-01-25,307,4,67
2023-01-26,303,4,60
2023-01-27,340,5,63
2023-01-28,260,5,51
2023-01-29,194,2,49
2023-01-30,302,6,63
2023-01-31,282,1,66
2023-02-01,263,8,51
2023-02-02,316,3,67
2023-02-03,344,8,79
2023-02-04,229,3,47
2023-02-05,194,2,48
2023-02-06,305,4,60
2023-02-07,334,1,66
2023-02-08,336,5,61
2023-02-09,313,2,64
2023-02-10,308,4,62
2023-02-11,213,4,43
2023-02-12,171,4,42
2023-02-13,271,5,69
2023-02-14,313,1,63
2023-02-15,279,5,68
2023-02-16,272,3,42
2023-02-17,329,4,75
2023-02-18,238,3,66
2023-02-19,211,2,60
2023-02-20,242,1,59
2023-02-21,251,3,49
2023-02-22,274,3,61
2023-02-23,275,4,53
2023-02-24,304,3,60
2023-02-25,227,2,48
2023-02-26,192,3,47
2023-02-27,269,4,53
2023-02-28,285,2,61
2023-03-01,294,5,55
2023-03-02,283,2,70
2023-03-03,238,1,56
2023-03-04,220,5,51
2023-03-05,180,2,43
2023-03-06,300,5,53
2023-03-07,283,2,65
2023-03-08,277,3,43
2023-03-09,312,3,68
2023-03-10,293,3,60
2023-03-11,237,3,42
2023-03-12,197,3,44
2023-03-13,261,6,43
2023-03-14,294,1,56
2023-03-15,292,3,63
2023-03-16,246,4,39
2023-03-17,310,6,62
2023-03-18,264,5,51
2023-03-19,190,4,39
2023-03-20,241,4,51
2023-03-21,256,1,53
2023-03-22,280,4,65
2023-03-23,284,3,60
2023-03-24,334,3,54
2023-03-25,261,4,66
2023-03-26,142,3,31
2023-03-27,308,3,59
2023-03-28,261,2,56
2023-03-29,260,2,48
2023-03-30,293,7,74
2023-03-31,292,2,54
2023-04-01,234,1,51
2023-04-02,231,7,49
2023-04-03,261,2,50
2023-04-04,300,3,71
2023-04-05,247,3,46
2023-04-06,250,1,51
2023-04-07,250,4,71
2023-04-08,236,0,65
2023-04-09,197,2,54
2023-04-10,178,1,42
2023-04-11,267,3,47
2023-04-12,234,2,42
2023-04-13,275,2,50
2023-04-14,299,3,61
2023-04-15,249,11,61
2023-04-16,211,5,59
2023-04-17,245,4,47
2023-04-18,287,5,65
2023-04-19,278,4,62
2023-04-20,319,3,63
2023-04-21,293,1,56
2023-04-22,262,3,69
2023-04-23,219,4,60
2023-04-24,300,3,65
2023-04-25,337,1,78
2023-04-26,246,3,51
2023-04-27,290,5,53
2023-04-28,272,8,64
2023-04-29,265,6,71
2023-04-30,218,4,49
2023-05-01,226,5,49
2023-05-02,244,5,49
2023-05-03,343,2,69
2023-05-04,300,5,66
2023-05-05,294,6,45
2023-05-06,247,5,60
2023-05-07,237,4,76
2023-05-08,166,2,27
2023-05-09,286,3,55
2023-05-10,306,8,56
2023-05-11,324,7,61
2023-05-12,285,2,58
2023-05-13,306,10,103
2023-05-14,258,3,82
2023-05-15,294,6,77
2023-05-16,314,2,64
2023-05-17,307,4,62
2023-05-18,293,7,70
2023-05-19,335,4,73
2023-05-20,319,7,77
2023-05-21,243,6,63
2023-05-22,284,5,68
2023-05-23,308,2,57
2023-05-24,391,7,94
2023-05-25,359,2,90
2023-05-26,427,3,93
2023-05-27,350,6,97
2023-05-28,262,8,81
2023-05-29,221,5,56
2023-05-30,268,3,69
2023-05-31,278,2,63
2023-06-01,264,3,55
2023-06-02,330,3,94
2023-06-03,350,6,93
2023-06-04,270,3,83
2023-06-05,278,6,57
2023-06-06,303,1,53
2023-06-07,314,3,75
2023-06-08,361,8,77
2023-06-09,374,7,86
2023-06-10,322,4,89
2023-06-11,298,5,78
2023-06-12,322,2,76
2023-06-13,382,9,94
2023-06-14,389,2,97
2023-06-15,392,6,76
2023-06-16,419,7,111
2023-06-17,293,6,62
2023-06-18,269,1,59
2023-06-19,324,3,74
2023-06-20,321,3,63
2023-06-21,331,2,87
2023-06-22,332,7,82
2023-06-23,356,5,87
2023-06-24,304,6,66
2023-06-25,263,1,62
2023-06-26,297,4,64
2023-06-27,311,2,68
2023-06-28,298,5,58
2023-06-29,347,6,80
2023-06-30,336,6,66
2023-07-01,307,7,89
2023-07-02,255,7,69
2023-07-03,295,3,67
2023-07-04,285,4,67
2023-07-05,297,1,78
2023-07-06,330,4,85
2023-07-07,416,9,101
2023-07-08,280,5,73
2023-07-09,239,5,60
2023-07-10,301,2,64
2023-07-11,322,5,68
2023-07-12,317,1,80
2023-07-13,318,5,63
2023-07-14,332,3,67
2023-07-15,310,7,69
2023-07-16,202,3,56
2023-07-17,303,6,57
2023-07-18,258,0,66
2023-07-19,350,3,90
2023-07-20,278,4,68
2023-07-21,343,8,74
2023-07-22,295,2,63
2023-07-23,247,2,57
2023-07-24,245,1,53
2023-07-25,309,5,68
2023-07-26,296,5,60
2023-07-27,312,5,66
2023-07-28,317,2,84
2023-07-29,289,4,75
2023-07-30,246,3,66
2023-07-31,268,5,58
2023-08-01,261,5,55
2023-08-02,271,5,60
2023-08-03,253,5,48
2023-08-04,260,2,54
2023-08-05,248,8,68
2023-08-06,230,4,54
2023-08-07,242,8,62
2023-08-08,283,3,54
2023-08-09,303,2,72
2023-08-10,308,6,82
2023-08-11,334,11,70
2023-08-12,274,8,72
2023-08-13,234,3,71
2023-08-14,274,9,56
2023-08-15,316,3,70
2023-08-16,319,3,93
2023-08-17,301,11,82
2023-08-18,273,4,57
2023-08-19,269,4,73
2023-08-20,244,4,60
2023-08-21,247,3,55
2023-08-22,260,6,51
2023-08-23,303,2,70
2023-08-24,278,0,67
2023-08-25,332,6,77
2023-08-26,247,5,53
2023-08-27,241,4,74
2023-08-28,228,4,61
2023-08-29,224,2,48
2023-08-30,291,5,75
2023-08-31,269,2,57
2023-09-01,295,2,88
2023-09-02,286,2,86
2023-09-03,249,8,74
2023-09-04,347,2,73
2023-09-05,337,7,81
2023-09-06,328,5,81
2023-09-07,359,0,86
2023-09-08,348,7,73
2023-09-09,321,6,84
2023-09-10,250,9,62
2023-09-11,302,4,75
2023-09-12,353,7,72
2023-09-13,322,5,84
2023-09-14,356,6,69
2023-09-15,364,9,86
2023-09-16,264,5,76
2023-09-17,203,2,46
2023-09-18,289,2,64
2023-09-19,270,2,62
2023-09-20,301,5,61
2023-09-21,318,9,78
2023-09-22,321,5,72
2023-09-23,276,4,57
2023-09-24,201,5,52
2023-09-25,314,6,67
2023-09-26,288,5,58
2023-09-27,255,0,54
2023-09-28,265,4,56
2023-09-29,352,7,86
2023-09-30,283,6,65
2023-10-01,244,6,58
2023-10-02,284,2,59
2023-10-03,331,5,82
2023-10-04,297,3,70
2023-10-05,308,5,66
2023-10-06,346,4,79
2023-10-07,304,2,79
2023-10-08,242,3,60
2023-10-09,314,5,66
2023-10-10,321,4,85
2023-10-11,305,1,65
2023-10-12,304,5,73
2023-10-13,361,2,70
2023-10-14,291,3,72
2023-10-15,242,6,58
2023-10-16,252,6,51
2023-10-17,289,1,65
2023-10-18,316,3,64
2023-10-19,317,6,68
2023-10-20,367,5,78
2023-10-21,238,4,53
2023-10-22,242,4,55
2023-10-23,258,4,63
2023-10-24,283,4,49
2023-10-25,321,3,75
2023-10-26,286,4,57
2023-10-27,305,6,83
2023-10-28,289,3,60
2023-10-29,272,7,56
2023-10-30,273,3,60
2023-10-31,341,2,66
2023-11-01,282,5,57
2023-11-02,287,3,65
2023-11-03,377,5,77
2023-11-04,255,2,49
2023-11-05,235,3,66
2023-11-06,299,6,64
2023-11-07,360,4,80
2023-11-08,312,2,69
2023-11-09,335,5,80
2023-11-10,392,3,92
2023-11-11,335,5,73
2023-11-12,222,4,52
2023-11-13,341,2,82
2023-11-14,307,3,50
2023-11-15,352,4,78
2023-11-16,305,3,57
2023-11-17,398,6,93
2023-11-18,238,3,63
2023-11-19,188,4,50
2023-11-20,280,7,69
2023-11-21,267,2,58
2023-11-22,280,6,62
2023-11-23,326,5,82
2023-11-24,322,8,76
2023-11-25,326,7,81
2023-11-26,224,4,50
2023-11-27,273,5,46
2023-11-28,353,3,72
2023-11-29,370,4,86
2023-11-30,320,3,71
2023-12-01,428,5,94
2023-12-02,262,3,60
2023-12-03,221,8,48
2023-12-04,282,3,46
2023-12-05,340,6,64
2023-12-06,413,4,85
2023-12-07,389,8,82
2023-12-08,344,8,77
2023-12-09,285,7,73
2023-12-10,194,3,44
2023-12-11,349,6,70
2023-12-12,304,2,61
2023-12-13,311,8,67
2023-12-14,316,4,53
2023-12-15,349,11,71
2023-12-16,309,5,85
2023-12-17,200,3,45
2023-12-18,286,5,55
2023-12-19,304,9,71
2023-12-20,290,5,69
2023-12-21,227,5,51
2023-12-22,262,9,74
2023-12-23,247,6,53
2023-12-24,170,3,38
2023-12-25,115,4,32
2023-12-26,133,4,38
2023-12-27,206,0,49
2023-12-28,201,3,41
2023-12-29,205,3,47
2023-12-30,182,3,47
2023-12-31,164,1,34
2024-01-01,211,5,47
2024-01-02,219,6,52
2024-01-03,258,7,56
2024-01-04,305,4,59
2024-01-05,252,4,53
2024-01-06,221,4,50
2024-01-07,142,4,36
2024-01-08,237,4,47
2024-01-09,307,6,71
2024-01-10,347,5,71
2024-01-11,321,2,74
2024-01-12,279,2,53
2024-01-13,265,4,83
2024-01-14,175,3,45
2024-01-15,349,5,68
2024-01-16,326,5,60
2024-01-17,318,5,75
2024-01-18,373,5,72
2024-01-19,358,1,71
2024-01-20,215,4,42
2024-01-21,174,8,40
2024-01-22,264,5,57
2024-01-23,276,3,50
2024-01-24,248,2,70
2024-01-25,258,1,61
2024-01-26,334,4,89
2024-01-27,215,2,54
2024-01-28,211,2,52
2024-01-29,241,6,49
2024-01-30,310,5,68
2024-01-31,292,5,70
2024-02-01,281,4,51
2024-02-02,339,4,76
2024-02-03,250,6,57
2024-02-04,179,7,48
2024-02-05,217,3,54
2024-02-06,283,1,53
2024-02-07,246,0,50
2024-02-08,331,5,67
2024-02-09,339,4,57
2024-02-10,262,3,63
2024-02-11,193,5,44
2024-02-12,261,3,56
2024-02-13,281,2,59
2024-02-14,241,2,50
2024-02-15,254,3,62
2024-02-16,299,5,67
2024-02-17,238,1,68
2024-02-18,227,1,56
2024-02-19,239,1,53
2024-02-20,268,3,74
2024-02-21,269,2,62
2024-02-22,303,5,56
2024-02-23,287,3,69
2024-02-24,230,6,53
2024-02-25,191,2,36
2024-02-26,265,4,61
2024-02-27,240,3,63
2024-02-28,258,4,61
2024-02-29,266,5,57
2024-03-01,319,6,64
2024-03-02,238,1,45
2024-03-03,226,7,56
2024-03-04,296,6,71
2024-03-05,278,7,57
2024-03-06,249,5,46
2024-03-07,245,4,54
2024-03-08,274,2,55
2024-03-09,252,7,73
2024-03-10,223,1,61
2024-03-11,199,2,46
2024-03-12,266,2,51
2024-03-13,243,3,49
2024-03-14,258,0,45
2024-03-15,323,7,57
2024-03-16,259,5,75
2024-03-17,179,4,51
2024-03-18,260,3,48
2024-03-19,250,4,51
2024-03-20,254,4,65
2024-03-21,240,2,48
2024-03-22,312,1,62
2024-03-23,233,3,65
2024-03-24,205,5,49
2024-03-25,228,6,40
2024-03-26,269,7,54
2024-03-27,270,2,55
2024-03-28,273,1,68
2024-03-29,251,0,64
2024-03-30,276,3,81
2024-03-31,165,7,41
2024-04-01,194,9,43
2024-04-02,231,0,52
2024-04-03,207,2,51
2024-04-04,255,4,46
2024-04-05,257,5,65
2024-04-06,212,2,56
2024-04-07,169,3,51
2024-04-08,213,3,43
2024-04-09,244,4,46
2024-04-10,276,5,63
2024-04-11,247,2,62
2024-04-12,284,3,65
2024-04-13,283,8,83
2024-04-14,213,6,68
2024-04-15,275,3,64
2024-04-16,288,2,59
2024-04-17,315,2,71
2024-04-18,299,3,71
2024-04-19,302,3,82
2024-04-20,263,4,68
2024-04-21,218,5,60
2024-04-22,253,4,60
2024-04-23,287,7,61
2024-04-24,241,4,53
2024-04-25,285,3,52
2024-04-26,312,5,64
2024-04-27,228,1,54
2024-04-28,216,4,52
2024-04-29,264,8,51
2024-04-30,315,5,71
2024-05-01,284,2,61
2024-05-02,303,2,66
2024-05-03,324,2,63
2024-05-04,296,3,90
2024-05-05,234,9,66
2024-05-06,224,6,44
2024-05-07,302,3,72
2024-05-08,292,3,64
2024-05-09,364,4,80
2024-05-10,347,3,104
2024-05-11,332,5,95
2024-05-12,279,8,83
2024-05-13,328,1,81
2024-05-14,302,1,67
2024-05-15,338,0,75
2024-05-16,273,2,57
2024-05-17,302,5,72
2024-05-18,294,2,75
2024-05-19,282,3,77
2024-05-20,290,4,74
2024-05-21,294,5,53
2024-05-22,342,5,76
2024-05-23,282,6,57
2024-05-24,308,2,73
2024-05-25,320,6,98
2024-05-26,216,5,41
2024-05-27,199,5,47
2024-05-28,224,5,47
2024-05-29,271,3,60
2024-05-30,277,3,56
2024-05-31,260,8,83
2024-06-01,273,3,96
2024-06-02,307,8,96
2024-06-03,245,1,64
2024-06-04,297,6,50
2024-06-05,330,1,81
2024-06-06,305,4,70
2024-06-07,318,2,64
2024-06-08,328,5,95
2024-06-09,230,5,61
2024-06-10,288,6,58
2024-06-11,264,2,48
2024-06-12,286,3,77
2024-06-13,319,5,72
2024-06-14,320,6,70
2024-06-15,268,6,50
2024-06-16,259,2,77
2024-06-17,308,7,73
2024-06-18,275,3,62
2024-06-19,308,4,67
2024-06-20,335,4,83
2024-06-21,364,5,88
2024-06-22,305,10,99
2024-06-23,268,6,79
2024-06-24,311,6,80
2024-06-25,319,2,72
2024-06-26,399,6,76
2024-06-27,340,5,83
2024-06-28,349,3,91
2024-06-29,299,7,72
2024-06-30,247,4,62
2024-07-01,252,3,50
2024-07-02,276,3,46
2024-07-03,265,3,65
2024-07-04,274,6,73
2024-07-05,311,8,62
2024-07-06,302,5,58
2024-07-07,211,3,54
2024-07-08,274,5,75
2024-07-09,303,4,68
2024-07-10,280,1,62
2024-07-11,281,4,57
2024-07-12,266,4,62
2024-07-13,259,2,60
2024-07-14,252,6,78
2024-07-15,237,3,45
2024-07-16,260,1,58
2024-07-17,291,2,67
2024-07-18,280,4,72
2024-07-19,405,8,102
2024-07-20,244,4,58
2024-07-21,268,11,64
2024-07-22,250,2,61
2024-07-23,234,2,61
2024-07-24,258,3,67
2024-07-25,265,4,58
2024-07-26,296,6,82
2024-07-27,274,5,76
2024-07-28,267,11,86
2024-07-29,277,2,71
2024-07-30,282,4,74
2024-07-31,311,2,68
2024-08-01,279,3,62
2024-08-02,298,6,85
2024-08-03,254,4,74
2024-08-04,221,10,65
2024-08-05,243,5,59
2024-08-06,264,3,69
2024-08-07,246,5,70
2024-08-08,253,4,67
2024-08-09,299,1,80
2024-08-10,275,2,75
2024-08-11,265,4,84
2024-08-12,269,5,71
2024-08-13,249,8,54
2024-08-14,284,5,64
2024-08-15,280,8,62
2024-08-16,359,6,87
2024-08-17,262,2,73
2024-08-18,246,6,74
2024-08-19,205,0,68
2024-08-20,257,5,71
2024-08-21,236,2,55
2024-08-22,256,7,64
2024-08-23,309,8,74
2024-08-24,263,6,67
2024-08-25,206,4,54
2024-08-26,214,4,56
2024-08-27,257,8,68
2024-08-28,268,5,65
2024-08-29,314,4,81
2024-08-30,299,9,78
2024-08-31,261,2,68
2024-09-01,256,3,63
2024-09-02,243,4,57
2024-09-03,286,1,60
2024-09-04,262,4,60
2024-09-05,287,3,65
2024-09-06,355,5,78
2024-09-07,255,6,62
2024-09-08,227,2,70
2024-09-09,300,3,78
2024-09-10,294,4,61
2024-09-11,353,3,79
2024-09-12,332,5,88
2024-09-13,370,6,79
2024-09-14,299,3,80
2024-09-15,233,2,61
2024-09-16,332,5,79
2024-09-17,353,4,97
2024-09-18,354,5,88
2024-09-19,300,4,73
2024-09-20,341,4,92
2024-09-21,272,4,66
2024-09-22,224,4,44
2024-09-23,273,8,69
2024-09-24,294,1,73
2024-09-25,292,2,69
2024-09-26,332,5,67
2024-09-27,339,2,79
2024-09-28,278,5,62
2024-09-29,209,3,52
2024-09-30,293,2,46
2024-10-01,285,8,54
2024-10-02,302,5,59
2024-10-03,355,3,71
2024-10-04,334,3,74
2024-10-05,337,5,83
2024-10-06,212,2,51
2024-10-07,320,2,86
2024-10-08,294,3,57
2024-10-09,301,0,74
2024-10-10,301,2,71
2024-10-11,327,3,73
2024-10-12,278,4,65
2024-10-13,184,2,41
2024-10-14,293,3,66
2024-10-15,261,7,61
2024-10-16,267,5,50
2024-10-17,373,3,89
2024-10-18,358,4,86
2024-10-19,299,3,83
2024-10-20,214,0,55
2024-10-21,274,2,57
2024-10-22,293,7,83
2024-10-23,303,2,68
2024-10-24,336,5,64
2024-10-25,302,2,69
2024-10-26,278,5,64
2024-10-27,303,5,66
2024-10-28,273,8,71
2024-10-29,272,3,51
2024-10-30,260,5,58
2024-10-31,280,2,57
2024-11-01,264,8,53
2024-11-02,262,5,56
2024-11-03,189,4,54
2024-11-04,248,0,50
2024-11-05,292,5,59
2024-11-06,287,8,62
2024-11-07,308,8,69
2024-11-08,281,1,66
2024-11-09,221,2,59
2024-11-10,181,3,43
2024-11-11,312,4,75
2024-11-12,321,3,67
2024-11-13,359,5,75
2024-11-14,321,4,84
2024-11-15,315,4,72
2024-11-16,278,3,64
2024-11-17,229,3,59
2024-11-18,362,4,76
2024-11-19,311,3,63
2024-11-20,376,6,80
2024-11-21,323,3,69
2024-11-22,357,5,54
2024-11-23,286,9,63
2024-11-24,203,4,41
2024-11-25,304,5,59
2024-11-26,387,5,88
2024-11-27,296,5,66
2024-11-28,388,3,69
2024-11-29,397,7,86
2024-11-30,261,5,57
2024-12-01,233,4,71
2024-12-02,319,5,72
2024-12-03,370,5,83
2024-12-04,353,5,83
2024-12-05,354,2,74
2024-12-06,371,5,71
2024-12-07,258,6,55
2024-12-08,201,3,48
2024-12-09,306,4,68
2024-12-10,269,4,63
2024-12-11,276,5,55
2024-12-12,352,9,58
2024-12-13,323,4,77
2024-12-14,261,8,73
2024-12-15,181,2,44
2024-12-16,300,6,83
2024-12-17,312,7,68
2024-12-18,351,5,84
2024-12-19,310,6,89
2024-12-20,356,4,92
2024-12-21,222,6,47
2024-12-22,191,5,45
2024-12-23,254,3,46
2024-12-24,217,4,51
2024-12-25,102,5,22
2024-12-26,135,2,28
2024-12-27,199,1,39
2024-12-28,177,5,39
2024-12-29,154,3,37
2024-12-30,165,4,47
2024-12-31,189,5,44
2025-01-01,152,2,39
2025-01-02,247,4,60
2025-01-03,275,5,68
2025-01-04,190,2,46
2025-01-05,141,1,41
2025-01-06,239,3,51
2025-01-07,306,1,74
2025-01-08,262,4,60
2025-01-09,314,5,63
2025-01-10,291,1,69
2025-01-11,216,5,48
2025-01-12,144,4,26
2025-01-13,293,5,60
2025-01-14,315,7,78
2025-01-15,329,4,63
2025-01-16,339,4,83
2025-01-17,304,5,64
2025-01-18,223,3,53
2025-01-19,162,3,37
2025-01-20,305,1,86
2025-01-21,274,3,54
2025-01-22,288,3,70
2025-01-23,260,2,52
2025-01-24,295,3,67
2025-01-25,313,4,66
2025-01-26,180,3,37
2025-01-27,299,3,57
2025-01-28,254,3,60
2025-01-29,320,1,78
2025-01-30,343,4,89
2025-01-31,290,1,68
2025-02-01,268,5,76
2025-02-02,216,2,61
2025-02-03,286,1,63
2025-02-04,251,2,53
2025-02-05,295,5,58
2025-02-06,306,1,66
2025-02-07,315,3,70
2025-02-08,209,3,45
2025-02-09,186,6,50
2025-02-10,258,1,63
2025-02-11,214,3,46
2025-02-12,282,1,66
2025-02-13,208,5,45
2025-02-14,268,5,70
2025-02-15,230,2,45
2025-02-16,176,1,49
2025-02-17,219,2,38
2025-02-18,236,4,51
2025-02-19,238,7,54
2025-02-20,238,2,52
2025-02-21,259,1,55
2025-02-22,269,5,82
2025-02-23,180,2,54
2025-02-24,266,5,59
2025-02-25,308,4,61
2025-02-26,281,5,68
2025-02-27,308,2,78
2025-02-28,385,2,91
2025-03-01,264,5,66
2025-03-02,212,6,55
2025-03-03,267,8,57
2025-03-04,318,5,79
2025-03-05,304,3,77
2025-03-06,323,2,76
2025-03-07,285,2,63
2025-03-08,283,4,75
2025-03-09,224,4,62
2025-03-10,250,5,65
2025-03-11,270,3,57
2025-03-12,284,3,55
2025-03-13,254,4,57
2025-03-14,309,4,66
2025-03-15,233,2,64
2025-03-16,224,2,62
2025-03-17,234,4,60
2025-03-18,338,3,73
2025-03-19,271,7,62
2025-03-20,354,6,89
2025-03-21,263,5,62
2025-03-22,247,4,64
2025-03-23,194,2,44
2025-03-24,264,6,69
2025-03-25,267,6,64
2025-03-26,292,2,78
2025-03-27,273,4,64
2025-03-28,318,2,82
2025-03-29,271,4,76
2025-03-30,272,7,69
2025-03-31,289,4,77
2025-04-01,335,5,69
2025-04-02,327,4,88
2025-04-03,331,2,78
2025-04-04,371,5,95
2025-04-05,350,6,98
2025-04-06,265,8,81
2025-04-07,323,5,78
2025-04-08,264,3,79
2025-04-09,271,3,52
2025-04-10,321,2,91
2025-04-11,341,8,97
2025-04-12,285,6,101
2025-04-13,198,1,43
2025-04-14,221,5,42
2025-04-15,218,6,36
2025-04-16,268,2,61
2025-04-17,273,2,67
2025-04-18,197,4,60
2025-04-19,211,2,48
2025-04-20,202,7,60
2025-04-21,179,4,40
2025-04-22,266,8,63
2025-04-23,210,4,46
2025-04-24,291,5,62
2025-04-25,279,3,69
2025-04-26,240,3,67
2025-04-27,254,3,83
2025-04-28,307,3,90
2025-04-29,344,8,78
2025-04-30,373,4,93
2025-05-01,355,5,74
2025-05-02,364,6,80
2025-05-03,302,7,70
2025-05-04,202,3,62
2025-05-05,172,4,44
2025-05-06,290,0,72
2025-05-07,251,4,75
2025-05-08,263,5,72
2025-05-09,389,3,99
2025-05-10,320,6,90
2025-05-11,250,3,74
2025-05-12,285,2,79
2025-05-13,366,5,89
2025-05-14,385,9,103
2025-05-15,296,7,65
2025-05-16,379,5,91
2025-05-17,293,2,80
2025-05-18,218,2,59
2025-05-19,274,3,72
2025-05-20,288,5,69
2025-05-21,311,2,77
2025-05-22,280,6,68
2025-05-23,343,3,80
2025-05-24,223,3,61
2025-05-25,269,3,76
2025-05-26,217,3,58
2025-05-27,236,1,59
2025-05-28,220,2,57
2025-05-29,238,4,65
2025-05-30,293,7,78
2025-05-31,277,9,74
2025-06-01,242,5,62
2025-06-02,277,1,68
2025-06-03,283,2,58
2025-06-04,261,2,55
2025-06-05,298,4,63
2025-06-06,296,4,95
2025-06-07,236,3,62
2025-06-08,201,1,65
2025-06-09,245,4,52
2025-06-10,277,2,78
2025-06-11,330,5,89
2025-06-12,297,4,84
2025-06-13,346,2,97
2025-06-14,290,2,79
2025-06-15,232,3,53
2025-06-16,311,5,79
2025-06-17,298,2,86
2025-06-18,358,7,102
2025-06-19,350,4,83
2025-06-20,329,5,82
2025-06-21,293,6,74
2025-06-22,223,4,68
2025-06-23,285,1,69
2025-06-24,289,3,56
2025-06-25,314,2,80
2025-06-26,277,7,78
2025-06-27,374,7,92
2025-06-28,294,11,74
2025-06-29,267,4,73
2025-06-30,352,5,96
2025-07-01,328,3,82
2025-07-02,332,4,83
2025-07-03,352,5,65
2025-07-04,362,5,76
2025-07-05,225,1,70
2025-07-06,183,1,46
2025-07-07,295,4,75
2025-07-08,322,5,88
2025-07-09,330,9,73
2025-07-10,362,3,93
2025-07-11,362,7,91
2025-07-12,351,11,102
2025-07-13,252,7,70
2025-07-14,272,4,52
2025-07-15,302,2,69
2025-07-16,291,5,71
2025-07-17,271,4,66
2025-07-18,356,5,94
2025-07-19,260,2,66
2025-07-20,232,4,55
2025-07-21,253,3,56
2025-07-22,243,4,61
2025-07-23,236,5,59
2025-07-24,248,3,69
2025-07-25,317,6,82
2025-07-26,257,2,77
2025-07-27,187,4,53
2025-07-28,246,3,66
2025-07-29,221,1,52
2025-07-30,256,4,63
2025-07-31,258,2,64
2025-08-01,281,9,66
2025-08-02,295,4,88
2025-08-03,222,7,56
2025-08-04,252,3,58
2025-08-05,272,1,73
2025-08-06,267,3,73
2025-08-07,264,5,62
2025-08-08,300,9,72
2025-08-09,284,6,88
2025-08-10,281,10,84
2025-08-11,235,2,62
2025-08-12,304,3,84
2025-08-13,283,2,75
2025-08-14,296,7,85
2025-08-15,321,3,84
2025-08-16,248,4,67
2025-08-17,256,6,87
2025-08-18,232,5,72
2025-08-19,222,1,64
2025-08-20,236,5,52
2025-08-21,248,2,79
2025-08-22,269,4,61
2025-08-23,248,7,70
2025-08-24,237,3,68
2025-08-25,305,6,83
2025-08-26,258,3,75
2025-08-27,290,4,80
2025-08-28,282,6,74
2025-08-29,312,4,58
2025-08-30,266,2,67
2025-08-31,252,5,77
2025-09-01,294,5,59
2025-09-02,301,5,76
2025-09-03,303,6,59
2025-09-04,285,2,66
2025-09-05,291,3,76
2025-09-06,252,6,72
2025-09-07,202,5,64
2025-09-08,323,1,63
2025-09-09,322,1,76
2025-09-10,307,4,82
2025-09-11,320,3,73
2025-09-12,354,4,93
2025-09-13,268,4,78
2025-09-14,192,3,45
2025-09-15,245,3,56
2025-09-16,282,2,68
2025-09-17,312,2,69
2025-09-18,267,4,74
2025-09-19,360,10,86
2025-09-20,256,6,68
2025-09-21,236,3,69
2025-09-22,316,4,80
2025-09-23,296,1,96
2025-09-24,308,2,77
2025-09-25,345,6,96
2025-09-26,267,4,75
2025-09-27,260,5,67
2025-09-28,233,4,56
2025-09-29,261,2,69
2025-09-30,323,4,66
2025-10-01,268,3,72
2025-10-02,277,4,67
2025-10-03,383,5,88
2025-10-04,253,5,59
2025-10-05,195,4,38
2025-10-06,300,3,66
2025-10-07,252,1,67
2025-10-08,278,3,69
2025-10-09,286,7,82
2025-10-10,288,2,68
2025-10-11,275,9,80
2025-10-12,243,1,61
2025-10-13,284,7,80
2025-10-14,250,2,48
2025-10-15,273,2,75
2025-10-16,239,5,68
2025-10-17,287,5,69
2025-10-18,241,5,72
2025-10-19,213,5,45
2025-10-20,325,3,59
2025-10-21,270,1,63
2025-10-22,302,5,64
2025-10-23,293,0,74
2025-10-24,383,6,85
2025-10-25,242,4,64
2025-10-26,238,6,58
2025-10-27,266,4,69
2025-10-28,286,6,71
2025-10-29,298,8,64
2025-10-30,289,6,69
2025-10-31,336,5,77
2025-11-01,268,4,65
2025-11-02,236,4,63
2025-11-03,301,2,81
2025-11-04,307,7,64
2025-11-05,309,0,82
2025-11-06,281,2,62
2025-11-07,332,5,93
2025-11-08,276,6,76
2025-11-09,199,2,55
2025-11-10,374,5,84
2025-11-11,338,2,78
2025-11-12,334,4,79
2025-11-13,402,2,109
2025-11-14,387,4,90
2025-11-15,240,2,69
2025-11-16,207,9,40
2025-11-17,342,2,81
2025-11-18,329,3,66
2025-11-19,311,3,64
2025-11-20,363,2,69
2025-11-21,397,8,70
2025-11-22,236,3,64
2025-11-23,203,2,41
2025-11-24,294,2,60
2025-11-25,364,7,80
2025-11-26,370,3,79
2025-11-27,316,4,70
2025-11-28,376,12,99
2025-11-29,259,3,62
2025-11-30,237,5,67
2025-12-01,340,3,75
2025-12-02,357,4,81
2025-12-03,346,4,66
2025-12-04,315,4,85
2025-12-05,396,8,90
2025-12-06,280,4,69
2025-12-07,188,5,50
2025-12-08,303,2,88
2025-12-09,295,2,69
2025-12-10,338,7,98
2025-12-11,350,3,83
2025-12-12,353,6,92
2025-12-13,316,9,80
2025-12-14,190,2,47
2025-12-15,306,3,86
2025-12-16,302,6,73
2025-12-17,305,2,74
2025-12-18,338,2,87
2025-12-19,412,6,118
2025-12-20,255,8,61
2025-12-21,213,4,57
2025-12-22,264,6,47
2025-12-23,230,3,70
2025-12-24,182,4,48
2025-12-25,120,0,33
2025-12-26,171,2,37
2025-12-27,214,4,51
2025-12-28,136,3,35
2025-12-29,164,7,45
2025-12-30,199,1,55
2025-12-31,227,4,57
