date,total
2019-01-01,103
2019-01-02,83
2019-01-03,103
2019-01-04,79
2019-01-05,87
2019-01-06,85
2019-01-07,103
2019-01-08,70
2019-01-09,72
2019-01-10,82
2019-01-11,105
2019-01-12,112
2019-01-13,67
2019-01-14,72
2019-01-15,76
2019-01-16,68
2019-01-17,79
2019-01-18,99
2019-01-19,86
2019-01-20,80
2019-01-21,67
2019-01-22,67
2019-01-23,63
2019-01-24,80
2019-01-25,67
2019-01-26,79
2019-01-27,80
2019-01-28,73
2019-01-29,64
2019-01-30,66
2019-01-31,59
2019-02-01,89
2019-02-02,94
2019-02-03,101
2019-02-04,77
2019-02-05,87
2019-02-06,74
2019-02-07,78
2019-02-08,83
2019-02-09,94
2019-02-10,86
2019-02-11,68
2019-02-12,62
2019-02-13,70
2019-02-14,66
2019-02-15,97
2019-02-16,83
2019-02-17,68
2019-02-18,61
2019-02-19,65
2019-02-20,64
2019-02-21,79
2019-02-22,94
2019-02-23,99
2019-02-24,85
2019-02-25,56
2019-02-26,73
2019-02-27,76
2019-02-28,76
2019-03-01,69
2019-03-02,82
2019-03-03,83
2019-03-04,63
2019-03-05,73
2019-03-06,72
2019-03-07,64
2019-03-08,78
2019-03-09,95
2019-03-10,96
2019-03-11,82
2019-03-12,73
2019-03-13,78
2019-03-14,69
2019-03-15,97
2019-03-16,90
2019-03-17,82
2019-03-18,61
2019-03-19,80
2019-03-20,75
2019-03-21,77
2019-03-22,113
2019-03-23,108
2019-03-24,78
2019-03-25,75
2019-03-26,81
2019-03-27,64
2019-03-28,77
2019-03-29,106
2019-03-30,116
2019-03-31,87
2019-04-01,68
2019-04-02,64
2019-04-03,72
2019-04-04,90
2019-04-05,95
2019-04-06,115
2019-04-07,101
2019-04-08,90
2019-04-09,100
2019-04-10,79
2019-04-11,83
2019-04-12,78
2019-04-13,102
2019-04-14,82
2019-04-15,64
2019-04-16,73
2019-04-17,79
2019-04-18,87
2019-04-19,90
2019-04-20,126
2019-04-21,91
2019-04-22,66
2019-04-23,79
2019-04-24,79
2019-04-25,87
2019-04-26,95
2019-04-27,103
2019-04-28,106
2019-04-29,76
2019-04-30,91
2019-05-01,86
2019-05-02,88
2019-05-03,93
2019-05-04,124
2019-05-05,109
2019-05-06,97
2019-05-07,69
2019-05-08,99
2019-05-09,88
2019-05-10,71
2019-05-11,97
2019-05-12,103
2019-05-13,79
2019-05-14,72
2019-05-15,92
2019-05-16,107
2019-05-17,100
2019-05-18,115
2019-05-19,104
2019-05-20,68
2019-05-21,77
2019-05-22,79
2019-05-23,67
2019-05-24,114
2019-05-25,126
2019-05-26,128
2019-05-27,98
2019-05-28,75
2019-05-29,74
2019-05-30,97
2019-05-31,121
2019-06-01,122
2019-06-02,87
2019-06-03,98
2019-06-04,90
2019-06-05,86
2019-06-06,96
2019-06-07,102
2019-06-08,109
2019-06-09,117
2019-06-10,83
2019-06-11,92
2019-06-12,68
2019-06-13,76
2019-06-14,101
2019-06-15,119
2019-06-16,104
2019-06-17,71
2019-06-18,76
2019-06-19,73
2019-06-20,76
2019-06-21,111
2019-06-22,134
2019-06-23,120
2019-06-24,87
2019-06-25,83
2019-06-26,90
2019-06-27,104
2019-06-28,98
2019-06-29,128
2019-06-30,125
2019-07-01,112
2019-07-02,94
2019-07-03,91
2019-07-04,100
2019-07-05,101
2019-07-06,115
2019-07-07,101
2019-07-08,99
2019-07-09,76
2019-07-10,80
2019-07-11,94
2019-07-12,115
2019-07-13,109
2019-07-14,119
2019-07-15,87
2019-07-16,74
2019-07-17,85
2019-07-18,104
2019-07-19,111
2019-07-20,103
2019-07-21,108
2019-07-22,89
2019-07-23,94
2019-07-24,80
2019-07-25,88
2019-07-26,101
2019-07-27,129
2019-07-28,120
2019-07-29,97
2019-07-30,81
2019-07-31,80
2019-08-01,94
2019-08-02,115
2019-08-03,114
2019-08-04,122
2019-08-05,97
2019-08-06,77
2019-08-07,92
2019-08-08,94
2019-08-09,126
2019-08-10,109
2019-08-11,111
2019-08-12,83
2019-08-13,83
2019-08-14,94
2019-08-15,87
2019-08-16,99
2019-08-17,118
2019-08-18,104
2019-08-19,85
2019-08-20,92
2019-08-21,81
2019-08-22,87
2019-08-23,109
2019-08-24,138
2019-08-25,121
2019-08-26,91
2019-08-27,80
2019-08-28,70
2019-08-29,91
2019-08-30,114
2019-08-31,113
2019-09-01,124
2019-09-02,109
2019-09-03,110
2019-09-04,68
2019-09-05,86
2019-09-06,100
2019-09-07,109
2019-09-08,76
2019-09-09,80
2019-09-10,84
2019-09-11,105
2019-09-12,104
2019-09-13,105
2019-09-14,125
2019-09-15,123
2019-09-16,118
2019-09-17,76
2019-09-18,94
2019-09-19,88
2019-09-20,134
2019-09-21,124
2019-09-22,112
2019-09-23,80
2019-09-24,91
2019-09-25,114
2019-09-26,102
2019-09-27,122
2019-09-28,119
2019-09-29,120
2019-09-30,91
2019-10-01,98
2019-10-02,92
2019-10-03,91
2019-10-04,129
2019-10-05,115
2019-10-06,98
2019-10-07,85
2019-10-08,83
2019-10-09,92
2019-10-10,106
2019-10-11,117
2019-10-12,110
2019-10-13,102
2019-10-14,83
2019-10-15,74
2019-10-16,76
2019-10-17,99
2019-10-18,117
2019-10-19,120
2019-10-20,103
2019-10-21,91
2019-10-22,83
2019-10-23,80
2019-10-24,84
2019-10-25,98
2019-10-26,115
2019-10-27,105
2019-10-28,78
2019-10-29,80
2019-10-30,91
2019-10-31,77
2019-11-01,125
2019-11-02,98
2019-11-03,89
2019-11-04,79
2019-11-05,97
2019-11-06,98
2019-11-07,91
2019-11-08,110
2019-11-09,114
2019-11-10,108
2019-11-11,106
2019-11-12,89
2019-11-13,80
2019-11-14,80
2019-11-15,105
2019-11-16,99
2019-11-17,97
2019-11-18,82
2019-11-19,86
2019-11-20,78
2019-11-21,81
2019-11-22,94
2019-11-23,104
2019-11-24,100
2019-11-25,102
2019-11-26,85
2019-11-27,96
2019-11-28,84
2019-11-29,90
2019-11-30,94
2019-12-01,71
2019-12-02,63
2019-12-03,68
2019-12-04,94
2019-12-05,90
2019-12-06,98
2019-12-07,115
2019-12-08,87
2019-12-09,95
2019-12-10,78
2019-12-11,89
2019-12-12,87
2019-12-13,119
2019-12-14,93
2019-12-15,94
2019-12-16,86
2019-12-17,83
2019-12-18,93
2019-12-19,76
2019-12-20,106
2019-12-21,102
2019-12-22,92
2019-12-23,122
2019-12-24,82
2019-12-25,88
2019-12-26,68
2019-12-27,88
2019-12-28,97
2019-12-29,66
2019-12-30,82
2019-12-31,102
2020-01-01,93
2020-01-02,83
2020-01-03,100
2020-01-04,82
2020-01-05,72
2020-01-06,84
2020-01-07,70
2020-01-08,75
2020-01-09,85
2020-01-10,74
2020-01-11,98
2020-01-12,82
2020-01-13,55
2020-01-14,90
2020-01-15,83
2020-01-16,85
2020-01-17,82
2020-01-18,95
2020-01-19,85
2020-01-20,60
2020-01-21,58
2020-01-22,84
2020-01-23,85
2020-01-24,84
2020-01-25,87
2020-01-26,85
2020-01-27,65
2020-01-28,63
2020-01-29,78
2020-01-30,82
2020-01-31,82
2020-02-01,112
2020-02-02,97
2020-02-03,86
2020-02-04,84
2020-02-05,70
2020-02-06,68
2020-02-07,88
2020-02-08,99
2020-02-09,104
2020-02-10,71
2020-02-11,69
2020-02-12,66
2020-02-13,68
2020-02-14,101
2020-02-15,80
2020-02-16,82
2020-02-17,73
2020-02-18,77
2020-02-19,72
2020-02-20,77
2020-02-21,96
2020-02-22,112
2020-02-23,91
2020-02-24,74
2020-02-25,76
2020-02-26,80
2020-02-27,84
2020-02-28,91
2020-02-29,105
2020-03-01,107
2020-03-02,92
2020-03-03,82
2020-03-04,86
2020-03-05,83
2020-03-06,90
2020-03-07,102
2020-03-08,94
2020-03-09,79
2020-03-10,76
2020-03-11,71
2020-03-12,68
2020-03-13,82
2020-03-14,102
2020-03-15,77
2020-03-16,75
2020-03-17,64
2020-03-18,64
2020-03-19,55
2020-03-20,101
2020-03-21,65
2020-03-22,71
2020-03-23,66
2020-03-24,73
2020-03-25,61
2020-03-26,61
2020-03-27,76
2020-03-28,77
2020-03-29,71
2020-03-30,48
2020-03-31,56
2020-04-01,70
2020-04-02,65
2020-04-03,61
2020-04-04,59
2020-04-05,75
2020-04-06,71
2020-04-07,54
2020-04-08,61
2020-04-09,63
2020-04-10,73
2020-04-11,79
2020-04-12,58
2020-04-13,52
2020-04-14,68
2020-04-15,59
2020-04-16,67
2020-04-17,75
2020-04-18,118
2020-04-19,86
2020-04-20,74
2020-04-21,59
2020-04-22,57
2020-04-23,57
2020-04-24,64
2020-04-25,109
2020-04-26,106
2020-04-27,65
2020-04-28,79
2020-04-29,61
2020-04-30,85
2020-05-01,86
2020-05-02,135
2020-05-03,106
2020-05-04,78
2020-05-05,77
2020-05-06,77
2020-05-07,93
2020-05-08,59
2020-05-09,81
2020-05-10,85
2020-05-11,66
2020-05-12,80
2020-05-13,99
2020-05-14,80
2020-05-15,98
2020-05-16,113
2020-05-17,105
2020-05-18,66
2020-05-19,89
2020-05-20,97
2020-05-21,98
2020-05-22,92
2020-05-23,129
2020-05-24,108
2020-05-25,93
2020-05-26,77
2020-05-27,97
2020-05-28,64
2020-05-29,102
2020-05-30,138
2020-05-31,108
2020-06-01,100
2020-06-02,95
2020-06-03,104
2020-06-04,99
2020-06-05,116
2020-06-06,122
2020-06-07,134
2020-06-08,108
2020-06-09,85
2020-06-10,93
2020-06-11,102
2020-06-12,115
2020-06-13,137
2020-06-14,134
2020-06-15,91
2020-06-16,97
2020-06-17,102
2020-06-18,117
2020-06-19,144
2020-06-20,154
2020-06-21,141
2020-06-22,107
2020-06-23,93
2020-06-24,101
2020-06-25,108
2020-06-26,133
2020-06-27,144
2020-06-28,111
2020-06-29,95
2020-06-30,98
2020-07-01,102
2020-07-02,115
2020-07-03,123
2020-07-04,158
2020-07-05,125
2020-07-06,90
2020-07-07,101
2020-07-08,99
2020-07-09,102
2020-07-10,113
2020-07-11,131
2020-07-12,111
2020-07-13,111
2020-07-14,101
2020-07-15,98
2020-07-16,112
2020-07-17,125
2020-07-18,167
2020-07-19,141
2020-07-20,74
2020-07-21,91
2020-07-22,100
2020-07-23,98
2020-07-24,132
2020-07-25,145
2020-07-26,115
2020-07-27,82
2020-07-28,109
2020-07-29,111
2020-07-30,89
2020-07-31,118
2020-08-01,126
2020-08-02,117
2020-08-03,95
2020-08-04,88
2020-08-05,100
2020-08-06,114
2020-08-07,111
2020-08-08,134
2020-08-09,136
2020-08-10,94
2020-08-11,95
2020-08-12,94
2020-08-13,103
2020-08-14,129
2020-08-15,142
2020-08-16,127
2020-08-17,87
2020-08-18,102
2020-08-19,110
2020-08-20,110
2020-08-21,144
2020-08-22,160
2020-08-23,138
2020-08-24,98
2020-08-25,116
2020-08-26,84
2020-08-27,100
2020-08-28,115
2020-08-29,129
2020-08-30,140
2020-08-31,101
2020-09-01,91
2020-09-02,97
2020-09-03,113
2020-09-04,130
2020-09-05,164
2020-09-06,137
2020-09-07,118
2020-09-08,99
2020-09-09,105
2020-09-10,100
2020-09-11,111
2020-09-12,137
2020-09-13,115
2020-09-14,101
2020-09-15,90
2020-09-16,86
2020-09-17,99
2020-09-18,142
2020-09-19,166
2020-09-20,135
2020-09-21,108
2020-09-22,84
2020-09-23,98
2020-09-24,98
2020-09-25,155
2020-09-26,150
2020-09-27,114
2020-09-28,109
2020-09-29,108
2020-09-30,87
2020-10-01,101
2020-10-02,135
2020-10-03,132
2020-10-04,115
2020-10-05,118
2020-10-06,102
2020-10-07,106
2020-10-08,112
2020-10-09,146
2020-10-10,156
2020-10-11,122
2020-10-12,109
2020-10-13,98
2020-10-14,95
2020-10-15,100
2020-10-16,121
2020-10-17,125
2020-10-18,126
2020-10-19,109
2020-10-20,94
2020-10-21,96
2020-10-22,121
2020-10-23,105
2020-10-24,113
2020-10-25,112
2020-10-26,89
2020-10-27,109
2020-10-28,74
2020-10-29,108
2020-10-30,146
2020-10-31,147
2020-11-01,137
2020-11-02,85
2020-11-03,101
2020-11-04,99
2020-11-05,93
2020-11-06,113
2020-11-07,144
2020-11-08,135
2020-11-09,99
2020-11-10,101
2020-11-11,109
2020-11-12,97
2020-11-13,117
2020-11-14,129
2020-11-15,101
2020-11-16,94
2020-11-17,83
2020-11-18,83
2020-11-19,115
2020-11-20,122
2020-11-21,119
2020-11-22,113
2020-11-23,101
2020-11-24,107
2020-11-25,128
2020-11-26,92
2020-11-27,104
2020-11-28,85
2020-11-29,114
2020-11-30,84
2020-12-01,97
2020-12-02,105
2020-12-03,70
2020-12-04,96
2020-12-05,115
2020-12-06,101
2020-12-07,84
2020-12-08,87
2020-12-09,96
2020-12-10,107
2020-12-11,115
2020-12-12,122
2020-12-13,117
2020-12-14,83
2020-12-15,95
2020-12-16,89
2020-12-17,99
2020-12-18,108
2020-12-19,93
2020-12-20,107
2020-12-21,96
2020-12-22,111
2020-12-23,105
2020-12-24,106
2020-12-25,81
2020-12-26,74
2020-12-27,95
2020-12-28,84
2020-12-29,86
2020-12-30,91
2020-12-31,99
2021-01-01,147
2021-01-02,89
2021-01-03,76
2021-01-04,87
2021-01-05,85
2021-01-06,89
2021-01-07,90
2021-01-08,105
2021-01-09,96
2021-01-10,100
2021-01-11,74
2021-01-12,63
2021-01-13,91
2021-01-14,101
2021-01-15,119
2021-01-16,99
2021-01-17,95
2021-01-18,86
2021-01-19,87
2021-01-20,86
2021-01-21,94
2021-01-22,94
2021-01-23,98
2021-01-24,94
2021-01-25,84
2021-01-26,70
2021-01-27,80
2021-01-28,64
2021-01-29,96
2021-01-30,104
2021-01-31,94
2021-02-01,73
2021-02-02,81
2021-02-03,87
2021-02-04,86
2021-02-05,91
2021-02-06,97
2021-02-07,115
2021-02-08,87
2021-02-09,66
2021-02-10,73
2021-02-11,89
2021-02-12,100
2021-02-13,99
2021-02-14,60
2021-02-15,76
2021-02-16,49
2021-02-17,62
2021-02-18,63
2021-02-19,64
2021-02-20,80
2021-02-21,90
2021-02-22,69
2021-02-23,101
2021-02-24,91
2021-02-25,94
2021-02-26,89
2021-02-27,126
2021-02-28,93
2021-03-01,90
2021-03-02,72
2021-03-03,80
2021-03-04,89
2021-03-05,103
2021-03-06,116
2021-03-07,99
2021-03-08,78
2021-03-09,85
2021-03-10,84
2021-03-11,101
2021-03-12,103
2021-03-13,113
2021-03-14,119
2021-03-15,80
2021-03-16,72
2021-03-17,90
2021-03-18,99
2021-03-19,111
2021-03-20,103
2021-03-21,116
2021-03-22,92
2021-03-23,76
2021-03-24,86
2021-03-25,98
2021-03-26,95
2021-03-27,119
2021-03-28,95
2021-03-29,85
2021-03-30,89
2021-03-31,78
2021-04-01,98
2021-04-02,114
2021-04-03,147
2021-04-04,153
2021-04-05,111
2021-04-06,118
2021-04-07,115
2021-04-08,107
2021-04-09,100
2021-04-10,139
2021-04-11,115
2021-04-12,109
2021-04-13,96
2021-04-14,89
2021-04-15,104
2021-04-16,120
2021-04-17,126
2021-04-18,96
2021-04-19,99
2021-04-20,95
2021-04-21,84
2021-04-22,109
2021-04-23,103
2021-04-24,129
2021-04-25,118
2021-04-26,99
2021-04-27,103
2021-04-28,88
2021-04-29,101
2021-04-30,100
2021-05-01,141
2021-05-02,129
2021-05-03,111
2021-05-04,101
2021-05-05,81
2021-05-06,91
2021-05-07,125
2021-05-08,132
2021-05-09,116
2021-05-10,101
2021-05-11,79
2021-05-12,72
2021-05-13,91
2021-05-14,123
2021-05-15,160
2021-05-16,128
2021-05-17,83
2021-05-18,93
2021-05-19,94
2021-05-20,117
2021-05-21,132
2021-05-22,140
2021-05-23,126
2021-05-24,104
2021-05-25,92
2021-05-26,103
2021-05-27,106
2021-05-28,113
2021-05-29,114
2021-05-30,119
2021-05-31,123
2021-06-01,106
2021-06-02,87
2021-06-03,98
2021-06-04,137
2021-06-05,163
2021-06-06,144
2021-06-07,109
2021-06-08,98
2021-06-09,107
2021-06-10,125
2021-06-11,108
2021-06-12,143
2021-06-13,137
2021-06-14,97
2021-06-15,87
2021-06-16,111
2021-06-17,107
2021-06-18,120
2021-06-19,155
2021-06-20,124
2021-06-21,86
2021-06-22,101
2021-06-23,103
2021-06-24,111
2021-06-25,132
2021-06-26,134
2021-06-27,130
2021-06-28,114
2021-06-29,98
2021-06-30,111
2021-07-01,103
2021-07-02,120
2021-07-03,156
2021-07-04,160
2021-07-05,116
2021-07-06,93
2021-07-07,88
2021-07-08,89
2021-07-09,125
2021-07-10,124
2021-07-11,131
2021-07-12,92
2021-07-13,100
2021-07-14,74
2021-07-15,113
2021-07-16,125
2021-07-17,115
2021-07-18,134
2021-07-19,109
2021-07-20,94
2021-07-21,99
2021-07-22,98
2021-07-23,115
2021-07-24,146
2021-07-25,123
2021-07-26,116
2021-07-27,92
2021-07-28,108
2021-07-29,115
2021-07-30,155
2021-07-31,158
2021-08-01,144
2021-08-02,111
2021-08-03,110
2021-08-04,109
2021-08-05,127
2021-08-06,134
2021-08-07,179
2021-08-08,150
2021-08-09,95
2021-08-10,100
2021-08-11,98
2021-08-12,104
2021-08-13,120
2021-08-14,131
2021-08-15,144
2021-08-16,102
2021-08-17,98
2021-08-18,112
2021-08-19,120
2021-08-20,118
2021-08-21,141
2021-08-22,136
2021-08-23,93
2021-08-24,123
2021-08-25,111
2021-08-26,109
2021-08-27,133
2021-08-28,155
2021-08-29,134
2021-08-30,108
2021-08-31,96
2021-09-01,102
2021-09-02,117
2021-09-03,125
2021-09-04,156
2021-09-05,141
2021-09-06,131
2021-09-07,114
2021-09-08,110
2021-09-09,91
2021-09-10,140
2021-09-11,162
2021-09-12,137
2021-09-13,115
2021-09-14,97
2021-09-15,97
2021-09-16,121
2021-09-17,140
2021-09-18,145
2021-09-19,145
2021-09-20,109
2021-09-21,94
2021-09-22,98
2021-09-23,107
2021-09-24,128
2021-09-25,129
2021-09-26,138
2021-09-27,138
2021-09-28,115
2021-09-29,102
2021-09-30,97
2021-10-01,155
2021-10-02,136
2021-10-03,135
2021-10-04,106
2021-10-05,87
2021-10-06,102
2021-10-07,132
2021-10-08,153
2021-10-09,139
2021-10-10,150
2021-10-11,107
2021-10-12,88
2021-10-13,104
2021-10-14,113
2021-10-15,136
2021-10-16,160
2021-10-17,154
2021-10-18,95
2021-10-19,98
2021-10-20,106
2021-10-21,112
2021-10-22,144
2021-10-23,138
2021-10-24,124
2021-10-25,107
2021-10-26,96
2021-10-27,88
2021-10-28,108
2021-10-29,161
2021-10-30,143
2021-10-31,145
2021-11-01,110
2021-11-02,107
2021-11-03,105
2021-11-04,113
2021-11-05,127
2021-11-06,159
2021-11-07,129
2021-11-08,105
2021-11-09,112
2021-11-10,112
2021-11-11,96
2021-11-12,149
2021-11-13,120
2021-11-14,116
2021-11-15,96
2021-11-16,102
2021-11-17,105
2021-11-18,97
2021-11-19,124
2021-11-20,127
2021-11-21,97
2021-11-22,123
2021-11-23,114
2021-11-24,90
2021-11-25,106
2021-11-26,109
2021-11-27,109
2021-11-28,111
2021-11-29,109
2021-11-30,91
2021-12-01,111
2021-12-02,108
2021-12-03,128
2021-12-04,142
2021-12-05,122
2021-12-06,111
2021-12-07,111
2021-12-08,94
2021-12-09,93
2021-12-10,133
2021-12-11,133
2021-12-12,107
2021-12-13,85
2021-12-14,92
2021-12-15,81
2021-12-16,88
2021-12-17,153
2021-12-18,110
2021-12-19,104
2021-12-20,103
2021-12-21,92
2021-12-22,107
2021-12-23,114
2021-12-24,107
2021-12-25,104
2021-12-26,96
2021-12-27,105
2021-12-28,75
2021-12-29,85
2021-12-30,111
2021-12-31,104
2022-01-01,151
2022-01-02,79
2022-01-03,88
2022-01-04,97
2022-01-05,87
2022-01-06,85
2022-01-07,103
2022-01-08,112
2022-01-09,86
2022-01-10,88
2022-01-11,73
2022-01-12,87
2022-01-13,99
2022-01-14,107
2022-01-15,121
2022-01-16,95
2022-01-17,79
2022-01-18,77
2022-01-19,86
2022-01-20,85
2022-01-21,105
2022-01-22,111
2022-01-23,90
2022-01-24,105
2022-01-25,82
2022-01-26,72
2022-01-27,100
2022-01-28,111
2022-01-29,99
2022-01-30,111
2022-01-31,78
2022-02-01,91
2022-02-02,92
2022-02-03,81
2022-02-04,86
2022-02-05,110
2022-02-06,125
2022-02-07,85
2022-02-08,101
2022-02-09,112
2022-02-10,108
2022-02-11,96
2022-02-12,122
2022-02-13,107
2022-02-14,84
2022-02-15,82
2022-02-16,83
2022-02-17,93
2022-02-18,96
2022-02-19,126
2022-02-20,99
2022-02-21,97
2022-02-22,96
2022-02-23,84
2022-02-24,96
2022-02-25,121
2022-02-26,95
2022-02-27,108
2022-02-28,82
2022-03-01,90
2022-03-02,110
2022-03-03,112
2022-03-04,118
2022-03-05,128
2022-03-06,106
2022-03-07,77
2022-03-08,86
2022-03-09,98
2022-03-10,90
2022-03-11,83
2022-03-12,118
2022-03-13,102
2022-03-14,96
2022-03-15,112
2022-03-16,90
2022-03-17,121
2022-03-18,111
2022-03-19,114
2022-03-20,115
2022-03-21,98
2022-03-22,77
2022-03-23,85
2022-03-24,78
2022-03-25,108
2022-03-26,119
2022-03-27,98
2022-03-28,90
2022-03-29,82
2022-03-30,71
2022-03-31,83
2022-04-01,118
2022-04-02,121
2022-04-03,93
2022-04-04,102
2022-04-05,72
2022-04-06,77
2022-04-07,98
2022-04-08,111
2022-04-09,109
2022-04-10,104
2022-04-11,75
2022-04-12,77
2022-04-13,76
2022-04-14,85
2022-04-15,88
2022-04-16,102
2022-04-17,105
2022-04-18,99
2022-04-19,93
2022-04-20,103
2022-04-21,74
2022-04-22,122
2022-04-23,138
2022-04-24,133
2022-04-25,79
2022-04-26,82
2022-04-27,74
2022-04-28,90
2022-04-29,112
2022-04-30,150
2022-05-01,108
2022-05-02,86
2022-05-03,90
2022-05-04,87
2022-05-05,98
2022-05-06,122
2022-05-07,147
2022-05-08,111
2022-05-09,85
2022-05-10,106
2022-05-11,103
2022-05-12,111
2022-05-13,139
2022-05-14,146
2022-05-15,119
2022-05-16,98
2022-05-17,84
2022-05-18,95
2022-05-19,107
2022-05-20,124
2022-05-21,156
2022-05-22,103
2022-05-23,86
2022-05-24,83
2022-05-25,91
2022-05-26,105
2022-05-27,104
2022-05-28,130
2022-05-29,142
2022-05-30,128
2022-05-31,92
2022-06-01,103
2022-06-02,76
2022-06-03,120
2022-06-04,135
2022-06-05,118
2022-06-06,99
2022-06-07,105
2022-06-08,99
2022-06-09,103
2022-06-10,101
2022-06-11,151
2022-06-12,116
2022-06-13,101
2022-06-14,120
2022-06-15,111
2022-06-16,111
2022-06-17,131
2022-06-18,154
2022-06-19,123
2022-06-20,83
2022-06-21,95
2022-06-22,100
2022-06-23,96
2022-06-24,130
2022-06-25,164
2022-06-26,117
2022-06-27,95
2022-06-28,106
2022-06-29,97
2022-06-30,117
2022-07-01,133
2022-07-02,132
2022-07-03,131
2022-07-04,123
2022-07-05,107
2022-07-06,95
2022-07-07,104
2022-07-08,87
2022-07-09,128
2022-07-10,134
2022-07-11,114
2022-07-12,102
2022-07-13,88
2022-07-14,95
2022-07-15,135
2022-07-16,135
2022-07-17,129
2022-07-18,90
2022-07-19,102
2022-07-20,110
2022-07-21,95
2022-07-22,132
2022-07-23,157
2022-07-24,152
2022-07-25,84
2022-07-26,80
2022-07-27,90
2022-07-28,87
2022-07-29,136
2022-07-30,147
2022-07-31,132
2022-08-01,102
2022-08-02,103
2022-08-03,118
2022-08-04,106
2022-08-05,115
2022-08-06,152
2022-08-07,134
2022-08-08,97
2022-08-09,81
2022-08-10,119
2022-08-11,95
2022-08-12,132
2022-08-13,157
2022-08-14,137
2022-08-15,95
2022-08-16,103
2022-08-17,93
2022-08-18,101
2022-08-19,113
2022-08-20,146
2022-08-21,121
2022-08-22,107
2022-08-23,92
2022-08-24,96
2022-08-25,107
2022-08-26,123
2022-08-27,152
2022-08-28,137
2022-08-29,119
2022-08-30,123
2022-08-31,104
2022-09-01,111
2022-09-02,107
2022-09-03,153
2022-09-04,138
2022-09-05,99
2022-09-06,91
2022-09-07,106
2022-09-08,102
2022-09-09,128
2022-09-10,146
2022-09-11,128
2022-09-12,96
2022-09-13,97
2022-09-14,121
2022-09-15,97
2022-09-16,136
2022-09-17,180
2022-09-18,146
2022-09-19,113
2022-09-20,100
2022-09-21,122
2022-09-22,96
2022-09-23,128
2022-09-24,164
2022-09-25,127
2022-09-26,122
2022-09-27,114
2022-09-28,97
2022-09-29,113
2022-09-30,130
2022-10-01,128
2022-10-02,137
2022-10-03,94
2022-10-04,101
2022-10-05,102
2022-10-06,121
2022-10-07,130
2022-10-08,146
2022-10-09,134
2022-10-10,101
2022-10-11,96
2022-10-12,126
2022-10-13,122
2022-10-14,136
2022-10-15,161
2022-10-16,126
2022-10-17,74
2022-10-18,93
2022-10-19,115
2022-10-20,110
2022-10-21,126
2022-10-22,129
2022-10-23,128
2022-10-24,111
2022-10-25,106
2022-10-26,107
2022-10-27,119
2022-10-28,110
2022-10-29,151
2022-10-30,148
2022-10-31,114
2022-11-01,106
2022-11-02,118
2022-11-03,114
2022-11-04,157
2022-11-05,136
2022-11-06,120
2022-11-07,113
2022-11-08,105
2022-11-09,107
2022-11-10,112
2022-11-11,102
2022-11-12,112
2022-11-13,95
2022-11-14,113
2022-11-15,92
2022-11-16,69
2022-11-17,106
2022-11-18,104
2022-11-19,126
2022-11-20,94
2022-11-21,100
2022-11-22,104
2022-11-23,119
2022-11-24,115
2022-11-25,91
2022-11-26,130
2022-11-27,99
2022-11-28,86
2022-11-29,83
2022-11-30,85
2022-12-01,88
2022-12-02,122
2022-12-03,111
2022-12-04,119
2022-12-05,106
2022-12-06,112
2022-12-07,106
2022-12-08,107
2022-12-09,121
2022-12-10,105
2022-12-11,117
2022-12-12,94
2022-12-13,95
2022-12-14,106
2022-12-15,115
2022-12-16,131
2022-12-17,89
2022-12-18,115
2022-12-19,91
2022-12-20,87
2022-12-21,105
2022-12-22,113
2022-12-23,84
2022-12-24,100
2022-12-25,88
2022-12-26,82
2022-12-27,94
2022-12-28,99
2022-12-29,110
2022-12-30,104
2022-12-31,139
2023-01-01,138
2023-01-02,71
2023-01-03,75
2023-01-04,88
2023-01-05,76
2023-01-06,89
2023-01-07,103
2023-01-08,85
2023-01-09,96
2023-01-10,93
2023-01-11,79
2023-01-12,78
2023-01-13,87
2023-01-14,97
2023-01-15,88
2023-01-16,100
2023-01-17,107
2023-01-18,73
2023-01-19,77
2023-01-20,96
2023-01-21,94
2023-01-22,99
2023-01-23,84
2023-01-24,83
2023-01-25,84
2023-01-26,86
2023-01-27,96
2023-01-28,96
2023-01-29,84
2023-01-30,103
2023-01-31,73
2023-02-01,74
2023-02-02,89
2023-02-03,118
2023-02-04,111
2023-02-05,99
2023-02-06,98
2023-02-07,84
2023-02-08,100
2023-02-09,95
2023-02-10,101
2023-02-11,108
2023-02-12,83
2023-02-13,76
2023-02-14,95
2023-02-15,99
2023-02-16,85
2023-02-17,101
2023-02-18,96
2023-02-19,111
2023-02-20,89
2023-02-21,97
2023-02-22,93
2023-02-23,93
2023-02-24,112
2023-02-25,117
2023-02-26,85
2023-02-27,69
2023-02-28,68
2023-03-01,103
2023-03-02,84
2023-03-03,100
2023-03-04,115
2023-03-05,93
2023-03-06,84
2023-03-07,83
2023-03-08,81
2023-03-09,76
2023-03-10,80
2023-03-11,104
2023-03-12,93
2023-03-13,74
2023-03-14,70
2023-03-15,96
2023-03-16,90
2023-03-17,106
2023-03-18,100
2023-03-19,76
2023-03-20,79
2023-03-21,83
2023-03-22,78
2023-03-23,84
2023-03-24,99
2023-03-25,99
2023-03-26,108
2023-03-27,74
2023-03-28,87
2023-03-29,75
2023-03-30,102
2023-03-31,114
2023-04-01,124
2023-04-02,118
2023-04-03,95
2023-04-04,93
2023-04-05,95
2023-04-06,84
2023-04-07,90
2023-04-08,114
2023-04-09,116
2023-04-10,92
2023-04-11,86
2023-04-12,103
2023-04-13,114
2023-04-14,118
2023-04-15,127
2023-04-16,108
2023-04-17,76
2023-04-18,78
2023-04-19,96
2023-04-20,103
2023-04-21,117
2023-04-22,133
2023-04-23,94
2023-04-24,81
2023-04-25,75
2023-04-26,97
2023-04-27,73
2023-04-28,116
2023-04-29,111
2023-04-30,141
2023-05-01,100
2023-05-02,77
2023-05-03,85
2023-05-04,111
2023-05-05,115
2023-05-06,144
2023-05-07,136
2023-05-08,104
2023-05-09,79
2023-05-10,80
2023-05-11,97
2023-05-12,115
2023-05-13,132
2023-05-14,124
2023-05-15,73
2023-05-16,76
2023-05-17,109
2023-05-18,97
2023-05-19,109
2023-05-20,117
2023-05-21,120
2023-05-22,95
2023-05-23,79
2023-05-24,100
2023-05-25,85
2023-05-26,101
2023-05-27,151
2023-05-28,129
2023-05-29,98
2023-05-30,91
2023-05-31,101
2023-06-01,104
2023-06-02,100
2023-06-03,134
2023-06-04,137
2023-06-05,80
2023-06-06,99
2023-06-07,100
2023-06-08,98
2023-06-09,105
2023-06-10,151
2023-06-11,119
2023-06-12,97
2023-06-13,77
2023-06-14,97
2023-06-15,78
2023-06-16,127
2023-06-17,152
2023-06-18,138
2023-06-19,100
2023-06-20,78
2023-06-21,89
2023-06-22,88
2023-06-23,133
2023-06-24,133
2023-06-25,120
2023-06-26,91
2023-06-27,72
2023-06-28,79
2023-06-29,108
2023-06-30,120
2023-07-01,144
2023-07-02,120
2023-07-03,114
2023-07-04,131
2023-07-05,94
2023-07-06,100
2023-07-07,104
2023-07-08,139
2023-07-09,121
2023-07-10,91
2023-07-11,82
2023-07-12,103
2023-07-13,89
2023-07-14,116
2023-07-15,143
2023-07-16,125
2023-07-17,94
2023-07-18,88
2023-07-19,75
2023-07-20,97
2023-07-21,108
2023-07-22,139
2023-07-23,124
2023-07-24,96
2023-07-25,78
2023-07-26,104
2023-07-27,94
2023-07-28,125
2023-07-29,155
2023-07-30,121
2023-07-31,91
2023-08-01,102
2023-08-02,101
2023-08-03,105
2023-08-04,114
2023-08-05,142
2023-08-06,134
2023-08-07,96
2023-08-08,107
2023-08-09,91
2023-08-10,79
2023-08-11,129
2023-08-12,144
2023-08-13,133
2023-08-14,94
2023-08-15,90
2023-08-16,89
2023-08-17,93
2023-08-18,108
2023-08-19,138
2023-08-20,124
2023-08-21,121
2023-08-22,98
2023-08-23,78
2023-08-24,112
2023-08-25,127
2023-08-26,147
2023-08-27,136
2023-08-28,99
2023-08-29,89
2023-08-30,99
2023-08-31,106
2023-09-01,127
2023-09-02,144
2023-09-03,123
2023-09-04,123
2023-09-05,95
2023-09-06,110
2023-09-07,101
2023-09-08,125
2023-09-09,145
2023-09-10,111
2023-09-11,108
2023-09-12,72
2023-09-13,92
2023-09-14,103
2023-09-15,116
2023-09-16,127
2023-09-17,119
2023-09-18,100
2023-09-19,109
2023-09-20,117
2023-09-21,108
2023-09-22,130
2023-09-23,143
2023-09-24,108
2023-09-25,87
2023-09-26,114
2023-09-27,77
2023-09-28,117
2023-09-29,122
2023-09-30,143
2023-10-01,147
2023-10-02,96
2023-10-03,115
2023-10-04,106
2023-10-05,122
2023-10-06,107
2023-10-07,138
2023-10-08,115
2023-10-09,95
2023-10-10,68
2023-10-11,105
2023-10-12,92
2023-10-13,132
2023-10-14,131
2023-10-15,122
2023-10-16,90
2023-10-17,95
2023-10-18,101
2023-10-19,110
2023-10-20,123
2023-10-21,161
2023-10-22,134
2023-10-23,113
2023-10-24,87
2023-10-25,99
2023-10-26,114
2023-10-27,124
2023-10-28,160
2023-10-29,138
2023-10-30,96
2023-10-31,90
2023-11-01,98
2023-11-02,97
2023-11-03,132
2023-11-04,147
2023-11-05,110
2023-11-06,98
2023-11-07,96
2023-11-08,101
2023-11-09,114
2023-11-10,104
2023-11-11,122
2023-11-12,101
2023-11-13,107
2023-11-14,100
2023-11-15,92
2023-11-16,90
2023-11-17,120
2023-11-18,147
2023-11-19,116
2023-11-20,90
2023-11-21,98
2023-11-22,109
2023-11-23,105
2023-11-24,85
2023-11-25,104
2023-11-26,97
2023-11-27,98
2023-11-28,60
2023-11-29,94
2023-11-30,80
2023-12-01,117
2023-12-02,115
2023-12-03,108
2023-12-04,109
2023-12-05,105
2023-12-06,94
2023-12-07,107
2023-12-08,127
2023-12-09,109
2023-12-10,117
2023-12-11,97
2023-12-12,84
2023-12-13,100
2023-12-14,99
2023-12-15,125
2023-12-16,101
2023-12-17,110
2023-12-18,91
2023-12-19,93
2023-12-20,96
2023-12-21,104
2023-12-22,113
2023-12-23,113
2023-12-24,98
2023-12-25,99
2023-12-26,88
2023-12-27,75
2023-12-28,81
2023-12-29,98
2023-12-30,96
2023-12-31,100
